ID,Texapon SB 3 KC,Plantapon ACG 50,Plantapon LC 7,Plantacare 818,Plantacare 2000,Dehyton MC,Dehyton PK 45,Dehyton ML,Dehyton AB 30,Plantapon Amino SCG-L,Plantapon Amino KG-L,Dehyquart A-CA,Luviquat Excellence,Dehyquart CC6,Dehyquart CC7 Benz,Salcare Super 7,Arlypon F,Arlypon TT
43.0,3.1338166548576747,0.0,0.0,0.0,5.725282548571765,0.0,0.0,0.0,0.0,0.0,0.0,0.0,2.7916442735915323,0.0,0.0,0.0,0.0,3.4661911485547168
44.0,3.442989555652932,0.0,0.0,0.0,6.094487259431587,0.0,0.0,0.0,0.0,0.0,0.0,0.0,4.183599788478058,0.0,0.0,0.0,0.0,0.2353083883950223
45.0,0.0,0.0,0.0,0.0,0.0,5.204569644352948,0.0,0.0,0.0,0.0,0.0,4.074594714317233,2.208041251643955,0.0,0.0,0.0,0.0,3.9193309834727033
46.0,0.0,0.0,0.0,0.0,0.0,2.6764521395608973,0.0,0.0,0.0,0.0,0.0,2.7127737970951413,0.20674157748343255,0.0,0.0,0.0,0.0,5.35176922732373
47.0,0.0,6.214002973363844,0.0,0.0,0.0,0.0,0.0,0.0,0.0,4.67418946124168,0.0,0.0,3.1487615084619893,0.0,0.0,0.0,0.0,3.299600383118785
48.0,0.0,6.807363850071832,0.0,0.0,0.0,0.0,0.0,0.0,0.0,7.40638228772072,0.0,0.0,2.5870306864070045,0.0,0.0,0.0,0.0,5.038040872201444
