ID,Texapon SB 3 KC,Plantapon ACG 50,Plantapon LC 7,Plantacare 818,Plantacare 2000,Dehyton MC,Dehyton PK 45,Dehyton ML,Dehyton AB 30,Plantapon Amino SCG-L,Plantapon Amino KG-L,Dehyquart A-CA,Luviquat Excellence,Dehyquart CC6,Dehyquart CC7 Benz,Salcare Super 7,Arlypon F,Arlypon TT
1.0,0.0,0.0,0.0,0.0,0.0,0.0,0.0,2.9999329946297424,0.0,0.0,4.875648675110492,0.0,2.672378983191269,0.0,0.0,0.0,0.0,3.318107706181397
2.0,0.0,0.0,0.0,0.0,0.0,0.0,0.0,3.3257854498324453,0.0,0.0,2.436223078814819,0.0,4.041184290436747,0.0,0.0,0.0,0.0,0.22729816681052256
3.0,0.0,0.0,0.0,0.0,0.0,0.0,0.0,6.299642552579973,0.0,0.0,4.738607779088173,0.0,2.029699181678361,0.0,0.0,0.0,0.0,3.6027691439000074
4.0,0.0,0.0,0.0,0.0,0.0,0.0,0.0,7.561012640768057,0.0,0.0,8.226348897044202,0.0,0.18701581277611848,0.0,0.0,0.0,0.0,4.841142667194616
5.0,0.0,0.0,0.0,0.0,0.0,0.0,0.0,5.3631791357886325,0.0,0.0,3.7352476878261696,0.0,3.1834256652191826,0.0,0.0,0.0,0.0,3.3359250982835076
6.0,0.0,0.0,0.0,0.0,0.0,0.0,0.0,5.698760141297103,0.0,0.0,2.39031883778514,0.0,2.798944771799882,0.0,0.0,0.0,0.0,5.450727056874145
