ID,Texapon SB 3 KC,Plantapon ACG 50,Plantapon LC 7,Plantacare 818,Plantacare 2000,Dehyton MC,Dehyton PK 45,Dehyton ML,Dehyton AB 30,Plantapon Amino SCG-L,Plantapon Amino KG-L,Dehyquart A-CA,Luviquat Excellence,Dehyquart CC6,Dehyquart CC7 Benz,Salcare Super 7,Arlypon F,Arlypon TT
13.0,0.0,0.0,0.0,5.87578403734956,0.0,0.0,0.0,0.0,12.733431258814937,0.0,0.0,0.0,6.732287387356078,0.0,0.0,0.0,0.0,4.284960411516773
14.0,0.0,0.0,0.0,8.473657181090868,0.0,0.0,0.0,0.0,8.223994306096824,0.0,0.0,0.0,8.53388805443417,0.0,0.0,0.0,0.0,8.200846754773156
15.0,0.0,0.0,0.0,10.400689655593908,0.0,0.0,0.0,0.0,10.264529207421448,0.0,0.0,0.0,3.8445992293829265,0.0,0.0,0.0,0.0,9.40819482252859
16.0,0.0,0.0,0.0,6.964762736001425,0.0,0.0,0.0,0.0,5.861094625276574,0.0,0.0,0.0,7.6311745810306375,0.0,0.0,0.0,0.0,4.815694706733311
17.0,0.0,0.0,0.0,11.35873431448221,0.0,0.0,0.0,0.0,5.7333939996131775,0.0,0.0,0.0,9.696765734844163,0.0,0.0,0.0,0.0,7.326367261070618
18.0,0.0,0.0,0.0,7.283136933679221,0.0,0.0,0.0,0.0,5.027918506587619,0.0,0.0,0.0,8.730416264758608,0.0,0.0,0.0,0.0,9.949002091388527
