ID,Texapon SB 3 KC,Plantapon ACG 50,Plantapon LC 7,Plantacare 818,Plantacare 2000,Dehyton MC,Dehyton PK 45,Dehyton ML,Dehyton AB 30,Plantapon Amino SCG-L,Plantapon Amino KG-L,Dehyquart A-CA,Luviquat Excellence,Dehyquart CC6,Dehyquart CC7 Benz,Salcare Super 7,Arlypon F,Arlypon TT
481.0,0.0,0.0,11.196904552341945,0.0,0.0,0.0,0.0,6.726633864053685,0.0,0.0,0.0,0.0,0.0,2.3790703975775416,0.0,0.0,3.0702693052523906,0.0
482.0,0.0,0.0,0.0,0.0,0.0,0.0,0.0,0.0,0.0,9.641948759803798,10.493851848533007,0.0,0.0,2.0288744613155623,0.0,0.0,3.3876847972856483,0.0
483.0,0.0,0.0,0.0,0.0,8.47026627672207,0.0,0.0,0.0,0.0,0.0,0.0,9.081325419813428,0.0,3.6895086646288107,0.0,0.0,3.840511747765056,0.0
484.0,0.0,0.0,0.0,6.703039524841628,0.0,0.0,0.0,0.0,0.0,0.0,10.11283359432191,0.0,0.0,2.3695727849184993,0.0,0.0,2.6497377227045535,0.0
485.0,0.0,0.0,0.0,0.0,0.0,0.0,0.0,0.0,0.0,12.034166347815134,0.0,12.036147606680498,0.0,2.4134209552901615,0.0,0.0,1.892102216358776,0.0
486.0,0.0,9.596788719551515,0.0,0.0,0.0,10.874844936914803,0.0,0.0,0.0,0.0,0.0,0.0,0.0,1.912636334569183,0.0,0.0,4.522124667004613,0.0
