ID,Texapon SB 3 KC,Plantapon ACG 50,Plantapon LC 7,Plantacare 818,Plantacare 2000,Dehyton MC,Dehyton PK 45,Dehyton ML,Dehyton AB 30,Plantapon Amino SCG-L,Plantapon Amino KG-L,Dehyquart A-CA,Luviquat Excellence,Dehyquart CC6,Dehyquart CC7 Benz,Salcare Super 7,Arlypon F,Arlypon TT
571.0,9.828106779060226,0.0,0.0,0.0,0.0,0.0,0.0,6.7588951025894195,0.0,0.0,0.0,0.0,0.0,0.0,0.0,1.37508555535426,2.8485764800185733,0.0
572.0,0.0,0.0,0.0,0.0,0.0,8.948549146792347,0.0,0.0,0.0,0.0,0.0,11.304271436412087,0.0,0.0,0.0,2.248122002758108,2.226901528551138,0.0
573.0,9.399196445596482,0.0,0.0,0.0,0.0,12.927326191914954,0.0,0.0,0.0,0.0,0.0,0.0,0.0,0.0,0.0,2.976461223189554,1.416545563609411,0.0
574.0,0.0,0.0,0.0,8.674716812553648,0.0,0.0,9.765459253034543,0.0,0.0,0.0,0.0,0.0,0.0,0.0,0.0,2.80846091086064,5.051965447162763,0.0
575.0,0.0,0.0,0.0,10.796988979727352,0.0,0.0,0.0,0.0,0.0,7.905868421034583,0.0,0.0,0.0,0.0,0.0,2.8523036783160696,3.0365610218765107,0.0
576.0,0.0,0.0,0.0,0.0,7.797112465261034,0.0,0.0,0.0,0.0,0.0,0.0,8.355908863362249,0.0,0.0,0.0,1.7762815611683331,2.12803287807342,0.0
