ID,Texapon SB 3 KC,Plantapon ACG 50,Plantapon LC 7,Plantacare 818,Plantacare 2000,Dehyton MC,Dehyton PK 45,Dehyton ML,Dehyton AB 30,Plantapon Amino SCG-L,Plantapon Amino KG-L,Dehyquart A-CA,Luviquat Excellence,Dehyquart CC6,Dehyquart CC7 Benz,Salcare Super 7,Arlypon F,Arlypon TT
379.0,0.0,0.0,7.398268737456492,0.0,0.0,0.0,0.0,7.492266903986732,0.0,0.0,0.0,0.0,0.0,0.0,3.089423435283032,0.0,2.303976799194127,0.0
380.0,0.0,0.0,0.0,0.0,12.643819500563824,0.0,0.0,0.0,10.329834334131055,0.0,0.0,0.0,0.0,0.0,1.7799885895637486,0.0,4.204116696345233,0.0
381.0,0.0,0.0,9.358241555382001,0.0,0.0,0.0,0.0,0.0,0.0,0.0,0.0,7.889674431692689,0.0,0.0,3.279033468823039,0.0,5.083501582001616,0.0
382.0,7.506877397117617,0.0,0.0,0.0,9.976961798771008,0.0,0.0,0.0,0.0,0.0,0.0,0.0,0.0,0.0,3.3330206709781645,0.0,5.011095072018149,0.0
383.0,0.0,0.0,0.0,0.0,0.0,0.0,8.804647924490448,13.420922979332408,0.0,0.0,0.0,0.0,0.0,0.0,2.1967757400443997,0.0,5.000314829252379,0.0
384.0,0.0,0.0,0.0,6.640147595210391,0.0,0.0,0.0,0.0,0.0,0.0,10.633996681275178,0.0,0.0,0.0,3.407470370498543,0.0,3.177151766719797,0.0
