ID,Texapon SB 3 KC,Plantapon ACG 50,Plantapon LC 7,Plantacare 818,Plantacare 2000,Dehyton MC,Dehyton PK 45,Dehyton ML,Dehyton AB 30,Plantapon Amino SCG-L,Plantapon Amino KG-L,Dehyquart A-CA,Luviquat Excellence,Dehyquart CC6,Dehyquart CC7 Benz,Salcare Super 7,Arlypon F,Arlypon TT
139.0,0.0,0.0,0.0,0.0,0.0,0.0,0.0,0.0,12.507536999523289,0.0,9.096571776988455,0.0,1.7356350653825767,0.0,0.0,0.0,0.0,2.4271479593432543
140.0,0.0,0.0,0.0,11.042077219382973,0.0,10.523387969484139,0.0,0.0,0.0,0.0,0.0,0.0,2.964993103074326,0.0,0.0,0.0,0.0,2.1800696176961623
141.0,0.0,0.0,0.0,0.0,0.0,0.0,9.204668011309392,0.0,0.0,0.0,0.0,11.890905799974727,2.361967653222853,0.0,0.0,0.0,0.0,3.7781474114051097
142.0,0.0,0.0,0.0,10.126867607475976,8.848061745162932,0.0,0.0,0.0,0.0,0.0,0.0,0.0,2.074075707372994,0.0,0.0,0.0,0.0,1.8275769138196867
143.0,0.0,10.837082217789865,0.0,0.0,0.0,0.0,0.0,11.410962214087993,0.0,0.0,0.0,0.0,1.200970702825011,0.0,0.0,0.0,0.0,3.2771829944582436
144.0,0.0,0.0,0.0,0.0,0.0,10.396915637202493,0.0,13.162464253496992,0.0,0.0,0.0,0.0,2.219207718320297,0.0,0.0,0.0,0.0,2.5141351057223043
