ID,Texapon SB 3 KC,Plantapon ACG 50,Plantapon LC 7,Plantacare 818,Plantacare 2000,Dehyton MC,Dehyton PK 45,Dehyton ML,Dehyton AB 30,Plantapon Amino SCG-L,Plantapon Amino KG-L,Dehyquart A-CA,Luviquat Excellence,Dehyquart CC6,Dehyquart CC7 Benz,Salcare Super 7,Arlypon F,Arlypon TT
205.0,0.0,0.0,0.0,11.701522004613558,8.482396281198536,0.0,0.0,0.0,0.0,0.0,0.0,0.0,1.2197468561377565,0.0,0.0,0.0,0.0,3.9534887790690774
206.0,0.0,0.0,0.0,0.0,0.0,0.0,0.0,0.0,8.141048154890218,0.0,0.0,10.902742952242688,1.4191070241739165,0.0,0.0,0.0,0.0,3.0407650068640266
207.0,0.0,0.0,9.823681645267799,0.0,0.0,0.0,0.0,0.0,13.090981527286047,0.0,0.0,0.0,1.3700382459825644,0.0,0.0,0.0,0.0,2.3267135523462352
208.0,0.0,0.0,0.0,9.912571361916903,0.0,0.0,0.0,0.0,0.0,0.0,0.0,12.246870121730675,1.23472380122119,0.0,0.0,0.0,0.0,1.649610873261324
209.0,0.0,0.0,0.0,12.729536639003852,9.421598133129079,0.0,0.0,0.0,0.0,0.0,0.0,0.0,1.173036319499384,0.0,0.0,0.0,0.0,1.2579349725926434
210.0,0.0,0.0,0.0,0.0,0.0,0.0,12.915009813226188,0.0,0.0,0.0,7.730808768664497,0.0,2.650449980813725,0.0,0.0,0.0,0.0,1.196658386859947
