ID,Texapon SB 3 KC,Plantapon ACG 50,Plantapon LC 7,Plantacare 818,Plantacare 2000,Dehyton MC,Dehyton PK 45,Dehyton ML,Dehyton AB 30,Plantapon Amino SCG-L,Plantapon Amino KG-L,Dehyquart A-CA,Luviquat Excellence,Dehyquart CC6,Dehyquart CC7 Benz,Salcare Super 7,Arlypon F,Arlypon TT
25.0,0.0,0.0,0.0,0.0,0.0,7.088949679565723,0.0,0.0,0.0,0.0,0.0,3.6579020676239096,3.70024823268458,0.0,0.0,0.0,0.0,3.4481877263710667
26.0,0.0,0.0,0.0,0.0,0.0,6.23080277057038,0.0,0.0,0.0,0.0,0.0,6.6048478026109745,5.509781754860604,0.0,0.0,0.0,0.0,3.765058546197728
27.0,0.0,0.0,0.0,0.0,0.0,3.8236623067901565,0.0,0.0,0.0,0.0,0.0,6.4828681808510495,3.4901457177738933,0.0,0.0,0.0,0.0,4.364231945493429
28.0,0.0,0.0,0.0,0.0,0.0,2.414742624228548,0.0,0.0,0.0,0.0,0.0,5.791213815196762,4.715596339237888,0.0,0.0,0.0,0.0,5.682039261696881
29.0,0.0,0.0,0.0,0.0,0.0,5.099661676906996,0.0,0.0,0.0,0.0,0.0,2.135906825971959,3.7617738322938328,0.0,0.0,0.0,0.0,2.607279366876216
30.0,0.0,0.0,0.0,0.0,0.0,6.502152286820852,0.0,0.0,0.0,0.0,0.0,6.899373960650047,4.542418050008013,0.0,0.0,0.0,0.0,4.338730502174712
