ID,Texapon SB 3 KC,Plantapon ACG 50,Plantapon LC 7,Plantacare 818,Plantacare 2000,Dehyton MC,Dehyton PK 45,Dehyton ML,Dehyton AB 30,Plantapon Amino SCG-L,Plantapon Amino KG-L,Dehyquart A-CA,Luviquat Excellence,Dehyquart CC6,Dehyquart CC7 Benz,Salcare Super 7,Arlypon F,Arlypon TT
505.0,0.0,0.0,0.0,0.0,0.0,12.217580411573698,0.0,0.0,0.0,0.0,0.0,8.537801761023262,0.0,1.8093404069424637,0.0,0.0,1.8577716189333582,0.0
506.0,0.0,0.0,0.0,0.0,7.729889969066785,0.0,12.375002488850411,0.0,0.0,0.0,0.0,0.0,0.0,1.8232988882923413,0.0,0.0,2.9711172588441337,0.0
507.0,0.0,0.0,0.0,0.0,0.0,0.0,0.0,0.0,8.970492315465444,10.653890662535842,0.0,0.0,0.0,2.6891069101266085,0.0,0.0,5.057163573694858,0.0
508.0,5.073942988427827,0.0,0.0,0.0,0.0,0.0,0.0,0.0,0.0,9.442739597920339,0.0,0.0,0.0,3.341667950175652,0.0,0.0,2.8672496143476547,0.0
509.0,0.0,0.0,0.0,0.0,9.680498909548914,0.0,0.0,0.0,9.386380592018348,0.0,0.0,0.0,0.0,2.8752264097453013,0.0,0.0,2.4330717961821176,0.0
510.0,8.10559750574355,0.0,0.0,0.0,0.0,0.0,10.501991196185426,0.0,0.0,0.0,0.0,0.0,0.0,2.202827182842051,0.0,0.0,5.000468112995959,0.0
