ID,Texapon SB 3 KC,Plantapon ACG 50,Plantapon LC 7,Plantacare 818,Plantacare 2000,Dehyton MC,Dehyton PK 45,Dehyton ML,Dehyton AB 30,Plantapon Amino SCG-L,Plantapon Amino KG-L,Dehyquart A-CA,Luviquat Excellence,Dehyquart CC6,Dehyquart CC7 Benz,Salcare Super 7,Arlypon F,Arlypon TT
13.0,0.0,0.0,0.0,3.4344156952490783,0.0,0.0,0.0,0.0,7.4427337512179506,0.0,0.0,0.0,4.3511347318084415,0.0,0.0,0.0,0.0,2.5045738912950894
14.0,0.0,0.0,0.0,5.0871951893292655,0.0,0.0,0.0,0.0,4.937309048141251,0.0,0.0,0.0,5.123798179106269,0.0,0.0,0.0,0.0,4.923412319819354
15.0,0.0,0.0,0.0,6.262564980195677,0.0,0.0,0.0,0.0,6.1805787194140205,0.0,0.0,0.0,2.31203724870193,0.0,0.0,0.0,0.0,5.664954284136012
16.0,0.0,0.0,0.0,4.023942230050892,0.0,0.0,0.0,0.0,3.35328519170903,0.0,0.0,0.0,4.360741488341008,0.0,0.0,0.0,0.0,2.755184616579767
17.0,0.0,0.0,0.0,6.847431841469433,0.0,0.0,0.0,0.0,3.4562851410818203,0.0,0.0,0.0,5.8445712649469765,0.0,0.0,0.0,0.0,4.416583668287079
18.0,0.0,0.0,0.0,4.309305574234957,0.0,0.0,0.0,0.0,2.974932016868134,0.0,0.0,0.0,5.1656356069788005,0.0,0.0,0.0,0.0,5.88665166684399
