ID,Texapon SB 3 KC,Plantapon ACG 50,Plantapon LC 7,Plantacare 818,Plantacare 2000,Dehyton MC,Dehyton PK 45,Dehyton ML,Dehyton AB 30,Plantapon Amino SCG-L,Plantapon Amino KG-L,Dehyquart A-CA,Luviquat Excellence,Dehyquart CC6,Dehyquart CC7 Benz,Salcare Super 7,Arlypon F,Arlypon TT
475.0,0.0,0.0,7.425604171366889,0.0,0.0,11.730697409846126,0.0,0.0,0.0,0.0,0.0,0.0,0.0,1.58550231865174,0.0,0.0,2.948832337874523,0.0
476.0,0.0,0.0,0.0,11.92771679275877,0.0,0.0,8.120977618956417,0.0,0.0,0.0,0.0,0.0,0.0,1.3516001549396928,0.0,0.0,3.3932212489975315,0.0
477.0,0.0,0.0,0.0,9.745285741826573,0.0,0.0,0.0,0.0,0.0,0.0,0.0,10.909258923793363,0.0,1.7564235729592985,0.0,0.0,4.474520194375827,0.0
478.0,0.0,0.0,0.0,0.0,7.206091690121395,0.0,0.0,0.0,0.0,11.66886430765611,0.0,0.0,0.0,1.6163663999369207,0.0,0.0,4.438752311901103,0.0
479.0,0.0,0.0,0.0,0.0,13.991625652316344,0.0,0.0,9.614516398973613,0.0,0.0,0.0,0.0,0.0,2.1949381155981635,0.0,0.0,3.5354707902252023,0.0
480.0,0.0,0.0,13.004183469568032,13.322080481414137,0.0,0.0,0.0,0.0,0.0,0.0,0.0,0.0,0.0,2.4498594794288637,0.0,0.0,2.3102425485504643,0.0
