ID,Texapon SB 3 KC,Plantapon ACG 50,Plantapon LC 7,Plantacare 818,Plantacare 2000,Dehyton MC,Dehyton PK 45,Dehyton ML,Dehyton AB 30,Plantapon Amino SCG-L,Plantapon Amino KG-L,Dehyquart A-CA,Luviquat Excellence,Dehyquart CC6,Dehyquart CC7 Benz,Salcare Super 7,Arlypon F,Arlypon TT
709.0,0.0,0.0,0.0,0.0,0.0,0.0,0.0,7.723541908950642,0.0,0.0,9.605393940495343,0.0,0.0,0.0,0.0,2.095534626459515,0.0,4.325266051657723
710.0,5.788041932793098,0.0,0.0,0.0,8.269077722591922,0.0,0.0,0.0,0.0,0.0,0.0,0.0,0.0,0.0,0.0,3.011458743600449,0.0,5.093310248579745
711.0,0.0,0.0,0.0,0.0,8.998191283750582,7.156873898079424,0.0,0.0,0.0,0.0,0.0,0.0,0.0,0.0,0.0,2.4985463728257393,0.0,2.974285256344699
712.0,0.0,0.0,0.0,0.0,9.560627425696975,0.0,0.0,0.0,0.0,11.382210383527068,0.0,0.0,0.0,0.0,0.0,1.218372639844818,0.0,2.087941901315581
713.0,0.0,0.0,0.0,0.0,0.0,0.0,0.0,9.65771717637289,0.0,10.775253021067535,0.0,0.0,0.0,0.0,0.0,2.494499653336108,0.0,1.8034308604859752
714.0,0.0,0.0,6.46778981719815,0.0,0.0,0.0,0.0,0.0,0.0,0.0,0.0,12.552839981334868,0.0,0.0,0.0,2.3130233033336856,0.0,1.7146736457144967
