ID,Texapon SB 3 KC,Plantapon ACG 50,Plantapon LC 7,Plantacare 818,Plantacare 2000,Dehyton MC,Dehyton PK 45,Dehyton ML,Dehyton AB 30,Plantapon Amino SCG-L,Plantapon Amino KG-L,Dehyquart A-CA,Luviquat Excellence,Dehyquart CC6,Dehyquart CC7 Benz,Salcare Super 7,Arlypon F,Arlypon TT
679.0,5.0897344542242084,0.0,0.0,8.054461930927209,0.0,0.0,0.0,0.0,0.0,0.0,0.0,0.0,0.0,0.0,0.0,2.359036223785446,0.0,5.109013751399256
680.0,0.0,7.416584356778112,0.0,0.0,0.0,0.0,0.0,0.0,9.91810021592066,0.0,0.0,0.0,0.0,0.0,0.0,2.145956661067988,0.0,4.378394016594808
681.0,0.0,0.0,0.0,0.0,0.0,0.0,0.0,0.0,0.0,11.902801544590641,12.33317753954227,0.0,0.0,0.0,0.0,2.364852077523421,0.0,4.889740995274867
682.0,0.0,0.0,10.278673057999196,0.0,0.0,0.0,0.0,0.0,0.0,11.769443059359334,0.0,0.0,0.0,0.0,0.0,1.8487702874951395,0.0,4.397869452107554
683.0,0.0,8.79446228044403,0.0,0.0,0.0,8.82283782629782,0.0,0.0,0.0,0.0,0.0,0.0,0.0,0.0,0.0,2.6149533204813715,0.0,4.4520252977325825
684.0,0.0,0.0,7.975228629516051,0.0,0.0,0.0,0.0,0.0,0.0,0.0,12.415248096867083,0.0,0.0,0.0,0.0,2.9215797111312742,0.0,1.802780791651197
