ID,Texapon SB 3 KC,Plantapon ACG 50,Plantapon LC 7,Plantacare 818,Plantacare 2000,Dehyton MC,Dehyton PK 45,Dehyton ML,Dehyton AB 30,Plantapon Amino SCG-L,Plantapon Amino KG-L,Dehyquart A-CA,Luviquat Excellence,Dehyquart CC6,Dehyquart CC7 Benz,Salcare Super 7,Arlypon F,Arlypon TT
673.0,0.0,9.615362155551308,0.0,0.0,0.0,0.0,8.235037694151243,0.0,0.0,0.0,0.0,0.0,0.0,0.0,0.0,1.0766630605460126,0.0,1.7615854478459405
674.0,5.341063366637117,0.0,0.0,0.0,0.0,0.0,0.0,0.0,0.0,0.0,11.608783839780047,0.0,0.0,0.0,0.0,1.2056258987789001,0.0,3.446837140093323
675.0,11.763462216072233,0.0,0.0,0.0,0.0,0.0,0.0,10.566450317822925,0.0,0.0,0.0,0.0,0.0,0.0,0.0,1.5436861114828166,0.0,4.287878317748444
676.0,12.989624797195711,0.0,0.0,0.0,0.0,0.0,0.0,0.0,0.0,11.43625250518055,0.0,0.0,0.0,0.0,0.0,1.630894638038384,0.0,4.622087045920599
677.0,0.0,0.0,0.0,0.0,12.023831996190363,0.0,0.0,8.414611533133135,0.0,0.0,0.0,0.0,0.0,0.0,0.0,2.1115418897599456,0.0,2.016627280588019
678.0,0.0,0.0,7.468709389420723,0.0,0.0,0.0,11.44112667406931,0.0,0.0,0.0,0.0,0.0,0.0,0.0,0.0,2.2898393184743715,0.0,4.140876829223656
