ID,Texapon SB 3 KC,Plantapon ACG 50,Plantapon LC 7,Plantacare 818,Plantacare 2000,Dehyton MC,Dehyton PK 45,Dehyton ML,Dehyton AB 30,Plantapon Amino SCG-L,Plantapon Amino KG-L,Dehyquart A-CA,Luviquat Excellence,Dehyquart CC6,Dehyquart CC7 Benz,Salcare Super 7,Arlypon F,Arlypon TT
133.0,0.0,0.0,0.0,0.0,0.0,9.279265006964446,11.563759158368152,0.0,0.0,0.0,0.0,0.0,2.0434581286782154,0.0,0.0,0.0,0.0,2.2635993878237377
134.0,0.0,0.0,0.0,0.0,0.0,0.0,0.0,0.0,0.0,7.912964745857638,0.0,12.90161648277676,2.768136073164948,0.0,0.0,0.0,0.0,3.0834933473230017
135.0,0.0,0.0,0.0,0.0,0.0,0.0,0.0,10.953075839975995,0.0,0.0,9.893780292122397,0.0,1.7554613719166372,0.0,0.0,0.0,0.0,1.790570599355067
136.0,0.0,0.0,0.0,0.0,0.0,0.0,0.0,11.23156166351446,0.0,0.0,0.0,12.267299568418363,1.4544931822456517,0.0,0.0,0.0,0.0,2.453063458983246
137.0,0.0,0.0,0.0,0.0,11.324248203242284,0.0,12.136231415020514,0.0,0.0,0.0,0.0,0.0,2.054683462204041,0.0,0.0,0.0,0.0,1.8989132358275238
138.0,6.677797819568661,0.0,0.0,0.0,0.0,12.454888271272688,0.0,0.0,0.0,0.0,0.0,0.0,1.1296835941160792,0.0,0.0,0.0,0.0,1.8844946054313871
