ID,Texapon SB 3 KC,Plantapon ACG 50,Plantapon LC 7,Plantacare 818,Plantacare 2000,Dehyton MC,Dehyton PK 45,Dehyton ML,Dehyton AB 30,Plantapon Amino SCG-L,Plantapon Amino KG-L,Dehyquart A-CA,Luviquat Excellence,Dehyquart CC6,Dehyquart CC7 Benz,Salcare Super 7,Arlypon F,Arlypon TT
217.0,0.0,0.0,0.0,0.0,0.0,0.0,0.0,6.514223692893763,0.0,0.0,0.0,11.933252425243317,1.0486720548387563,0.0,0.0,0.0,1.1440058780058961,0.0
218.0,0.0,11.779982759230794,6.593713744906482,0.0,0.0,0.0,0.0,0.0,0.0,0.0,0.0,0.0,2.4323122207009717,0.0,0.0,0.0,2.5072294348910145,0.0
219.0,0.0,0.0,0.0,0.0,0.0,0.0,0.0,0.0,0.0,9.13286433536793,8.187569500786845,0.0,1.0781645990409543,0.0,0.0,0.0,2.64742382469727,0.0
220.0,0.0,0.0,9.397331643648155,0.0,0.0,0.0,0.0,12.260251080092893,0.0,0.0,0.0,0.0,1.8040617073339271,0.0,0.0,0.0,1.650550670290536,0.0
221.0,0.0,0.0,0.0,0.0,11.271776554531643,0.0,0.0,12.125215212021294,0.0,0.0,0.0,0.0,2.236406005808245,0.0,0.0,0.0,2.0658634169392545,0.0
222.0,6.296987296833166,10.489879227069778,0.0,0.0,0.0,0.0,0.0,0.0,0.0,0.0,0.0,0.0,2.025816491469768,0.0,0.0,0.0,3.789003532189078,0.0
