ID,Texapon SB 3 KC,Plantapon ACG 50,Plantapon LC 7,Plantacare 818,Plantacare 2000,Dehyton MC,Dehyton PK 45,Dehyton ML,Dehyton AB 30,Plantapon Amino SCG-L,Plantapon Amino KG-L,Dehyquart A-CA,Luviquat Excellence,Dehyquart CC6,Dehyquart CC7 Benz,Salcare Super 7,Arlypon F,Arlypon TT
367.0,0.0,0.0,0.0,0.0,0.0,0.0,0.0,0.0,8.2247757461214,0.0,10.910008455352784,0.0,0.0,0.0,0.9879535396295571,0.0,4.962278031962381,0.0
368.0,7.887440489700808,0.0,0.0,0.0,0.0,0.0,13.080477729164059,0.0,0.0,0.0,0.0,0.0,0.0,0.0,1.0368043099623088,0.0,1.3188666004986287,0.0
369.0,0.0,0.0,0.0,0.0,0.0,0.0,12.91746229533709,0.0,0.0,0.0,0.0,9.686607848485803,0.0,0.0,2.763100174015983,0.0,2.024867303095711,0.0
370.0,0.0,0.0,0.0,0.0,0.0,0.0,0.0,0.0,13.131710304693096,0.0,0.0,8.307755764831194,0.0,0.0,2.0460735974027155,0.0,2.9969253178502155,0.0
371.0,0.0,0.0,0.0,0.0,0.0,9.206727877726836,13.304211345061887,0.0,0.0,0.0,0.0,0.0,0.0,0.0,2.0855824913692746,0.0,3.787922201277617,0.0
372.0,0.0,0.0,6.061743612352261,0.0,0.0,9.36869582276098,0.0,0.0,0.0,0.0,0.0,0.0,0.0,0.0,1.3152650836852355,0.0,1.1824859419037506,0.0
