ID,Texapon SB 3 KC,Plantapon ACG 50,Plantapon LC 7,Plantacare 818,Plantacare 2000,Dehyton MC,Dehyton PK 45,Dehyton ML,Dehyton AB 30,Plantapon Amino SCG-L,Plantapon Amino KG-L,Dehyquart A-CA,Luviquat Excellence,Dehyquart CC6,Dehyquart CC7 Benz,Salcare Super 7,Arlypon F,Arlypon TT
547.0,0.0,0.0,0.0,0.0,0.0,8.638301250547157,0.0,8.541321976285492,0.0,0.0,0.0,0.0,0.0,0.0,0.0,2.162893024650986,3.1543784996679745,0.0
548.0,5.445129598432068,10.516277653753871,0.0,0.0,0.0,0.0,0.0,0.0,0.0,0.0,0.0,0.0,0.0,0.0,0.0,1.9415267436535557,4.010665573744606,0.0
549.0,11.033054871085005,0.0,0.0,0.0,0.0,0.0,0.0,0.0,0.0,0.0,0.0,10.117796923076073,0.0,0.0,0.0,1.7186066272655227,4.386443659125451,0.0
550.0,0.0,0.0,0.0,0.0,0.0,0.0,0.0,0.0,12.624393356299837,0.0,9.676751681260095,0.0,0.0,0.0,0.0,2.1874317004898347,1.9978129751781606,0.0
551.0,0.0,0.0,0.0,0.0,8.166873163360835,0.0,0.0,0.0,0.0,0.0,12.298572611913634,0.0,0.0,0.0,0.0,2.479069424664554,1.885734695329397,0.0
552.0,0.0,0.0,0.0,0.0,0.0,0.0,0.0,0.0,12.636746263416368,0.0,0.0,11.154239457098322,0.0,0.0,0.0,3.107013351554699,3.076250843123562,0.0
