ID,Texapon SB 3 KC,Plantapon ACG 50,Plantapon LC 7,Plantacare 818,Plantacare 2000,Dehyton MC,Dehyton PK 45,Dehyton ML,Dehyton AB 30,Plantapon Amino SCG-L,Plantapon Amino KG-L,Dehyquart A-CA,Luviquat Excellence,Dehyquart CC6,Dehyquart CC7 Benz,Salcare Super 7,Arlypon F,Arlypon TT
193.0,0.0,0.0,0.0,0.0,6.764749430800508,0.0,0.0,0.0,0.0,0.0,0.0,12.897108802452268,0.8550947314214401,0.0,0.0,0.0,0.0,2.792042648967154
194.0,0.0,0.0,0.0,8.944358973373749,0.0,0.0,0.0,0.0,11.582003569865549,0.0,0.0,0.0,2.5998423628102048,0.0,0.0,0.0,0.0,2.8038742863240476
195.0,0.0,0.0,0.0,0.0,13.209886294991627,0.0,0.0,0.0,0.0,0.0,0.0,10.310866503141124,1.5627680467470748,0.0,0.0,0.0,0.0,1.5749202088524064
196.0,0.0,0.0,0.0,12.940647907627842,0.0,0.0,0.0,0.0,10.523747604748745,0.0,0.0,0.0,1.7168775614002447,0.0,0.0,0.0,0.0,1.6601711345655592
197.0,0.0,0.0,0.0,12.882752255773108,7.990739730129865,0.0,0.0,0.0,0.0,0.0,0.0,0.0,2.1664419070491427,0.0,0.0,0.0,0.0,3.030836467612061
198.0,0.0,0.0,0.0,0.0,13.502452214267796,0.0,0.0,0.0,11.340786589737565,0.0,0.0,0.0,2.860035063245055,0.0,0.0,0.0,0.0,2.951671937109525
