ID,Texapon SB 3 KC,Plantapon ACG 50,Plantapon LC 7,Plantacare 818,Plantacare 2000,Dehyton MC,Dehyton PK 45,Dehyton ML,Dehyton AB 30,Plantapon Amino SCG-L,Plantapon Amino KG-L,Dehyquart A-CA,Luviquat Excellence,Dehyquart CC6,Dehyquart CC7 Benz,Salcare Super 7,Arlypon F,Arlypon TT
715.0,0.0,11.98873441753606,0.0,0.0,0.0,0.0,0.0,0.0,0.0,10.505267485424405,0.0,0.0,0.0,0.0,0.0,2.421208877095229,0.0,1.3968985700254894
716.0,0.0,0.0,0.0,0.0,0.0,0.0,12.35290432071738,0.0,0.0,12.19103329788522,0.0,0.0,0.0,0.0,0.0,1.3030129774674795,0.0,2.0380146850568197
717.0,0.0,0.0,0.0,0.0,0.0,7.541051539385204,0.0,0.0,0.0,9.145926912496753,0.0,0.0,0.0,0.0,0.0,1.9570754206315784,0.0,1.8038916838882768
718.0,0.0,0.0,8.434211199952516,0.0,0.0,0.0,0.0,0.0,9.437019777117529,0.0,0.0,0.0,0.0,0.0,0.0,3.2270700591337382,0.0,2.0086225746413096
719.0,8.826837149403094,13.16422784168085,0.0,0.0,0.0,0.0,0.0,0.0,0.0,0.0,0.0,0.0,0.0,0.0,0.0,1.7937828509364304,0.0,1.5300611337789687
720.0,16.239753481712803,0.0,0.0,0.0,0.0,0.0,0.0,0.0,11.521625789062737,0.0,0.0,0.0,0.0,0.0,0.0,2.692384992149952,0.0,1.7225780942562705
