ID,Texapon SB 3 KC,Plantapon ACG 50,Plantapon LC 7,Plantacare 818,Plantacare 2000,Dehyton MC,Dehyton PK 45,Dehyton ML,Dehyton AB 30,Plantapon Amino SCG-L,Plantapon Amino KG-L,Dehyquart A-CA,Luviquat Excellence,Dehyquart CC6,Dehyquart CC7 Benz,Salcare Super 7,Arlypon F,Arlypon TT
121.0,0.0,0.0,0.0,0.0,8.94654349069016,0.0,0.0,0.0,0.0,9.866724799307377,0.0,0.0,2.4593661620116385,0.0,0.0,0.0,0.0,3.047091614061613
122.0,0.0,0.0,0.0,0.0,8.44665171752975,0.0,0.0,0.0,0.0,0.0,8.760328306341396,0.0,1.703588370270086,0.0,0.0,0.0,0.0,3.0581009128659233
123.0,0.0,0.0,0.0,0.0,11.596840212137668,0.0,0.0,0.0,0.0,0.0,0.0,11.017832365377632,2.1504253291737467,0.0,0.0,0.0,0.0,1.629072924781919
124.0,0.0,0.0,0.0,0.0,0.0,11.271376029141907,9.111916001173185,0.0,0.0,0.0,0.0,0.0,2.1215142447296556,0.0,0.0,0.0,0.0,3.4348325867050957
125.0,0.0,0.0,0.0,0.0,0.0,9.132395513797324,0.0,9.802508240377755,0.0,0.0,0.0,0.0,3.083759491763553,0.0,0.0,0.0,0.0,2.586138744802905
126.0,0.0,0.0,0.0,0.0,0.0,9.482095906181556,0.0,0.0,8.55547461999691,0.0,0.0,0.0,1.466328897020934,0.0,0.0,0.0,0.0,4.371878089605492
