ID,Texapon SB 3 KC,Plantapon ACG 50,Plantapon LC 7,Plantacare 818,Plantacare 2000,Dehyton MC,Dehyton PK 45,Dehyton ML,Dehyton AB 30,Plantapon Amino SCG-L,Plantapon Amino KG-L,Dehyquart A-CA,Luviquat Excellence,Dehyquart CC6,Dehyquart CC7 Benz,Salcare Super 7,Arlypon F,Arlypon TT
727.0,0.0,0.0,0.0,0.0,0.0,0.0,9.102402650155671,0.0,0.0,10.713614287324564,0.0,0.0,0.0,0.0,0.0,2.4731552625369124,0.0,2.481841708516656
728.0,10.770814199561835,0.0,0.0,0.0,0.0,0.0,0.0,0.0,0.0,8.157336580489048,0.0,0.0,0.0,0.0,0.0,1.2397391026103142,0.0,1.6089710641372041
729.0,0.0,0.0,0.0,0.0,0.0,0.0,0.0,0.0,0.0,8.264425679851305,11.608475358147391,0.0,0.0,0.0,0.0,1.7630611196476158,0.0,2.036660722766223
730.0,0.0,0.0,0.0,8.132169848098833,0.0,0.0,0.0,0.0,0.0,12.79556641789694,0.0,0.0,0.0,0.0,0.0,1.983183807209316,0.0,1.815748026112855
731.0,0.0,10.215621590823053,0.0,0.0,0.0,0.0,0.0,10.090270485312518,0.0,0.0,0.0,0.0,0.0,0.0,0.0,2.8463090591822495,0.0,1.4262389563999456
732.0,0.0,10.749337639466493,0.0,0.0,0.0,9.315705675671532,0.0,0.0,0.0,0.0,0.0,0.0,0.0,0.0,0.0,2.3289264189178662,0.0,2.2104244516001867
