ID,Texapon SB 3 KC,Plantapon ACG 50,Plantapon LC 7,Plantacare 818,Plantacare 2000,Dehyton MC,Dehyton PK 45,Dehyton ML,Dehyton AB 30,Plantapon Amino SCG-L,Plantapon Amino KG-L,Dehyquart A-CA,Luviquat Excellence,Dehyquart CC6,Dehyquart CC7 Benz,Salcare Super 7,Arlypon F,Arlypon TT
109.0,0.0,11.90845891896278,0.0,0.0,0.0,0.0,0.0,9.939564349441001,0.0,0.0,0.0,0.0,1.0985570869598569,0.0,0.0,0.0,0.0,0.9359005706674695
110.0,0.0,0.0,7.661602983918947,0.0,0.0,0.0,0.0,0.0,0.0,0.0,0.0,13.121631126663857,0.9943337205905652,0.0,0.0,0.0,0.0,1.429594052710453
111.0,0.0,0.0,0.0,8.526924989301797,7.620000879767655,0.0,0.0,0.0,0.0,0.0,0.0,0.0,0.9817351354613049,0.0,0.0,0.0,0.0,1.3277042144079507
112.0,0.0,0.0,0.0,0.0,0.0,0.0,0.0,0.0,0.0,7.802259357100036,0.0,11.8405342155221,1.967082324442095,0.0,0.0,0.0,0.0,1.2262981411916574
113.0,0.0,0.0,0.0,0.0,0.0,12.388168801993315,8.038026705322649,0.0,0.0,0.0,0.0,0.0,3.0209320115768574,0.0,0.0,0.0,0.0,1.3146305359172903
114.0,0.0,0.0,0.0,0.0,0.0,12.16584994416545,0.0,0.0,11.057888609964666,0.0,0.0,0.0,2.8649490381907485,0.0,0.0,0.0,0.0,4.621442998270555
