ID,Texapon SB 3 KC,Plantapon ACG 50,Plantapon LC 7,Plantacare 818,Plantacare 2000,Dehyton MC,Dehyton PK 45,Dehyton ML,Dehyton AB 30,Plantapon Amino SCG-L,Plantapon Amino KG-L,Dehyquart A-CA,Luviquat Excellence,Dehyquart CC6,Dehyquart CC7 Benz,Salcare Super 7,Arlypon F,Arlypon TT
427.0,0.0,0.0,6.512135756633537,0.0,0.0,0.0,0.0,0.0,0.0,0.0,0.0,12.820447194995452,0.0,1.6183036325072377,0.0,0.0,0.0,4.4554562034218135
428.0,0.0,0.0,0.0,11.298898295402445,10.393490540697265,0.0,0.0,0.0,0.0,0.0,0.0,0.0,0.0,1.454065171279144,0.0,0.0,0.0,2.1306606401485975
429.0,0.0,0.0,0.0,0.0,8.290425480564176,0.0,0.0,0.0,0.0,0.0,0.0,12.827719616268448,0.0,3.0491109776077785,0.0,0.0,0.0,3.343788504356008
430.0,0.0,0.0,0.0,13.031314563420088,0.0,0.0,0.0,7.4016208314917575,0.0,0.0,0.0,0.0,0.0,2.8861681656541385,0.0,0.0,0.0,2.768944576198226
431.0,0.0,0.0,0.0,8.941535449163155,0.0,0.0,0.0,0.0,0.0,10.314908541027998,0.0,0.0,0.0,3.8181720000784862,0.0,0.0,0.0,1.4659053214587452
432.0,0.0,0.0,0.0,0.0,0.0,9.665854142095656,7.769139644283851,0.0,0.0,0.0,0.0,0.0,0.0,2.1184084001534575,0.0,0.0,0.0,3.4830575323453643
