ID,Texapon SB 3 KC,Plantapon ACG 50,Plantapon LC 7,Plantacare 818,Plantacare 2000,Dehyton MC,Dehyton PK 45,Dehyton ML,Dehyton AB 30,Plantapon Amino SCG-L,Plantapon Amino KG-L,Dehyquart A-CA,Luviquat Excellence,Dehyquart CC6,Dehyquart CC7 Benz,Salcare Super 7,Arlypon F,Arlypon TT
745.0,5.172667696291373,0.0,11.72711057659688,0.0,0.0,0.0,0.0,0.0,0.0,0.0,0.0,0.0,0.0,0.0,0.0,0.8963560208568757,0.0,2.368023642492893
746.0,0.0,0.0,11.60601756239694,7.642529478157449,0.0,0.0,0.0,0.0,0.0,0.0,0.0,0.0,0.0,0.0,0.0,2.014830723112002,0.0,1.6098892542512753
747.0,0.0,12.63130862677114,0.0,0.0,0.0,10.742022826147334,0.0,0.0,0.0,0.0,0.0,0.0,0.0,0.0,0.0,2.7101210143106673,0.0,2.8076073817318954
748.0,0.0,12.944542350900786,0.0,9.978245347023979,0.0,0.0,0.0,0.0,0.0,0.0,0.0,0.0,0.0,0.0,0.0,1.5804831339693566,0.0,2.6839302000639185
749.0,0.0,0.0,8.704278754591467,0.0,0.0,0.0,0.0,0.0,0.0,12.462584080178923,0.0,0.0,0.0,0.0,0.0,1.2863099867974965,0.0,2.9344721086094414
750.0,11.668185341846305,0.0,0.0,0.0,0.0,0.0,12.170754927522042,0.0,0.0,0.0,0.0,0.0,0.0,0.0,0.0,1.5985316521122954,0.0,1.6606223712728432
