ID,Texapon SB 3 KC,Plantapon ACG 50,Plantapon LC 7,Plantacare 818,Plantacare 2000,Dehyton MC,Dehyton PK 45,Dehyton ML,Dehyton AB 30,Plantapon Amino SCG-L,Plantapon Amino KG-L,Dehyquart A-CA,Luviquat Excellence,Dehyquart CC6,Dehyquart CC7 Benz,Salcare Super 7,Arlypon F,Arlypon TT
37.0,0.0,0.0,0.0,1.071245242545933,21.532622315343836,0.0,0.0,0.0,0.0,0.0,0.0,0.0,3.550229274765852,0.0,0.0,0.0,4.041875500011811,0.0
38.0,0.0,0.0,0.0,15.602633588330164,7.970986353882605,0.0,0.0,0.0,0.0,0.0,0.0,0.0,0.9758487507210167,0.0,0.0,0.0,5.333893490238477,0.0
39.0,0.0,0.0,0.0,0.0,20.248819028477804,0.0,0.0,0.0,0.0,0.0,0.738943526628207,0.0,3.8529575317708757,0.0,0.0,0.0,7.2814886687654665,0.0
40.0,9.079699250346836,0.0,0.0,0.0,0.0,0.0,0.0,0.0,0.0,0.0,1.5443387638610975,0.0,0.0,0.0,3.983634499894172,0.0,3.316530787964082,0.0
41.0,2.7421128073743093,0.0,0.0,0.0,0.0,0.0,0.0,0.0,0.0,0.0,17.09369022778788,0.0,0.0,0.0,4.994315308885632,0.0,1.196954003218964,0.0
42.0,3.6862711651498548,0.0,0.0,19.466290099033706,0.0,0.0,0.0,0.0,0.0,0.0,0.0,0.0,0.0,2.716330367321143,0.0,0.0,5.199478036442907,0.0
