ID,Texapon SB 3 KC,Plantapon ACG 50,Plantapon LC 7,Plantacare 818,Plantacare 2000,Dehyton MC,Dehyton PK 45,Dehyton ML,Dehyton AB 30,Plantapon Amino SCG-L,Plantapon Amino KG-L,Dehyquart A-CA,Luviquat Excellence,Dehyquart CC6,Dehyquart CC7 Benz,Salcare Super 7,Arlypon F,Arlypon TT
643.0,0.0,0.0,8.187308071632057,0.0,0.0,0.0,0.0,0.0,0.0,0.0,0.0,8.517678467887983,0.0,0.0,0.0,0.945001210149358,1.064076429658862,0.0
644.0,0.0,0.0,14.944241757423995,0.0,0.0,0.0,0.0,0.0,0.0,0.0,0.0,8.932000868585735,0.0,0.0,0.0,2.8346124429501183,4.245247561114943,0.0
645.0,8.992514823516572,0.0,0.0,0.0,0.0,0.0,0.0,0.0,0.0,11.462800445787698,0.0,0.0,0.0,0.0,0.0,1.4545693073259893,5.242406786813249,0.0
646.0,0.0,11.885209989554063,0.0,0.0,0.0,0.0,0.0,0.0,8.89561880219393,0.0,0.0,0.0,0.0,0.0,0.0,2.1336804966885135,2.9456983314282525,0.0
647.0,0.0,0.0,0.0,0.0,0.0,0.0,0.0,6.868653744574262,0.0,0.0,11.925053549216337,0.0,0.0,0.0,0.0,1.6565369509237542,1.4590606401454713,0.0
648.0,0.0,0.0,0.0,0.0,0.0,0.0,10.933164705244494,0.0,11.569190446244423,0.0,0.0,0.0,0.0,0.0,0.0,2.883218540412603,1.187640658348691,0.0
