ID,Texapon SB 3 KC,Plantapon ACG 50,Plantapon LC 7,Plantacare 818,Plantacare 2000,Dehyton MC,Dehyton PK 45,Dehyton ML,Dehyton AB 30,Plantapon Amino SCG-L,Plantapon Amino KG-L,Dehyquart A-CA,Luviquat Excellence,Dehyquart CC6,Dehyquart CC7 Benz,Salcare Super 7,Arlypon F,Arlypon TT
451.0,0.0,0.0,0.0,0.0,0.0,8.786287955055085,0.0,0.0,0.0,8.355314969917973,0.0,0.0,0.0,0.6169169746923097,0.0,0.0,0.0,1.4994682201778484
452.0,0.0,0.0,11.056568414900443,0.0,0.0,13.297140426555101,0.0,0.0,0.0,0.0,0.0,0.0,0.0,1.6566084944418087,0.0,0.0,0.0,1.924890044376843
453.0,0.0,12.726098818590886,0.0,0.0,0.0,13.564166033198,0.0,0.0,0.0,0.0,0.0,0.0,0.0,1.1643836156969603,0.0,0.0,0.0,4.941706679234784
454.0,4.968952929019143,0.0,0.0,0.0,0.0,0.0,0.0,0.0,0.0,0.0,8.471759296777265,0.0,0.0,1.1298957874123927,0.0,0.0,0.0,5.643007598073427
455.0,0.0,0.0,0.0,0.0,0.0,0.0,0.0,6.761523470040174,0.0,0.0,0.0,11.03063483470319,0.0,0.8757667736988481,0.0,0.0,0.0,3.8453207764706376
456.0,0.0,0.0,0.0,0.0,0.0,0.0,11.82114240700647,0.0,0.0,0.0,9.328896945621459,0.0,0.0,1.9431148747527036,0.0,0.0,0.0,1.8969081380565114
