ID,Texapon SB 3 KC,Plantapon ACG 50,Plantapon LC 7,Plantacare 818,Plantacare 2000,Dehyton MC,Dehyton PK 45,Dehyton ML,Dehyton AB 30,Plantapon Amino SCG-L,Plantapon Amino KG-L,Dehyquart A-CA,Luviquat Excellence,Dehyquart CC6,Dehyquart CC7 Benz,Salcare Super 7,Arlypon F,Arlypon TT
331.0,0.0,0.0,0.0,0.0,0.0,0.0,11.32269836120971,0.0,0.0,12.15421367333792,0.0,0.0,0.0,0.0,1.7550628977643727,0.0,1.6273092027328178,0.0
332.0,0.0,12.097613164707353,0.0,0.0,0.0,0.0,0.0,0.0,0.0,9.180381511611872,0.0,0.0,0.0,0.0,2.0832101668337675,0.0,1.509251967476025,0.0
333.0,0.0,0.0,0.0,0.0,11.648689699944159,0.0,0.0,0.0,0.0,8.929271096332146,0.0,0.0,0.0,0.0,1.505268244235364,0.0,4.843684944321732,0.0
334.0,0.0,11.977110596305788,0.0,0.0,0.0,0.0,0.0,0.0,0.0,0.0,0.0,9.541239332741306,0.0,0.0,3.256750956780509,0.0,4.163882501819778,0.0
335.0,4.682398741636416,0.0,0.0,0.0,13.213302652916859,0.0,0.0,0.0,0.0,0.0,0.0,0.0,0.0,0.0,1.3838976758090298,0.0,2.9201510590465056,0.0
336.0,6.98063281796981,0.0,0.0,0.0,0.0,0.0,0.0,0.0,0.0,0.0,9.632419513089605,0.0,0.0,0.0,1.03672764623311,0.0,3.7911707063232076,0.0
