ID,Texapon SB 3 KC,Plantapon ACG 50,Plantapon LC 7,Plantacare 818,Plantacare 2000,Dehyton MC,Dehyton PK 45,Dehyton ML,Dehyton AB 30,Plantapon Amino SCG-L,Plantapon Amino KG-L,Dehyquart A-CA,Luviquat Excellence,Dehyquart CC6,Dehyquart CC7 Benz,Salcare Super 7,Arlypon F,Arlypon TT
241.0,0.0,0.0,0.0,6.684430029927367,0.0,0.0,0.0,0.0,12.929876554349521,0.0,0.0,0.0,1.5782262497230342,0.0,0.0,0.0,2.985289206015082,0.0
242.0,0.0,0.0,0.0,0.0,0.0,0.0,8.684889175582324,0.0,13.23440058934366,0.0,0.0,0.0,1.4226533726725987,0.0,0.0,0.0,4.911009373728334,0.0
243.0,0.0,0.0,0.0,0.0,0.0,0.0,0.0,0.0,11.411309649041025,0.0,8.803406939884164,0.0,1.6113467309429252,0.0,0.0,0.0,1.2196655255753492,0.0
244.0,0.0,0.0,0.0,0.0,0.0,12.640330229170003,9.97239368665866,0.0,0.0,0.0,0.0,0.0,2.5073208774979245,0.0,0.0,0.0,4.315779701121065,0.0
245.0,0.0,0.0,0.0,9.302690600776426,0.0,0.0,10.070874766542849,0.0,0.0,0.0,0.0,0.0,2.6633495133427108,0.0,0.0,0.0,2.4509200685256127,0.0
246.0,0.0,0.0,0.0,0.0,7.282193488010506,0.0,0.0,0.0,0.0,0.0,0.0,12.576588670315184,1.2038458218973513,0.0,0.0,0.0,1.9605128180322815,0.0
