ID,Texapon SB 3 KC,Plantapon ACG 50,Plantapon LC 7,Plantacare 818,Plantacare 2000,Dehyton MC,Dehyton PK 45,Dehyton ML,Dehyton AB 30,Plantapon Amino SCG-L,Plantapon Amino KG-L,Dehyquart A-CA,Luviquat Excellence,Dehyquart CC6,Dehyquart CC7 Benz,Salcare Super 7,Arlypon F,Arlypon TT
631.0,4.729166703280878,0.0,0.0,0.0,0.0,0.0,0.0,0.0,0.0,0.0,13.595962352039958,0.0,0.0,0.0,0.0,1.0124597223873757,1.8916666813123963,0.0
632.0,0.0,8.415400934700232,0.0,0.0,0.0,0.0,0.0,0.0,0.0,0.0,12.14534743676126,0.0,0.0,0.0,0.0,2.604130422198104,3.4210154405682687,0.0
633.0,0.0,0.0,0.0,0.0,0.0,0.0,0.0,6.548982427214101,10.581215461302348,0.0,0.0,0.0,0.0,0.0,0.0,2.944677293736204,2.862915643119867,0.0
634.0,7.988347680790057,0.0,11.069553223123988,0.0,0.0,0.0,0.0,0.0,0.0,0.0,0.0,0.0,0.0,0.0,0.0,2.967022041454352,3.0582189294654167,0.0
635.0,0.0,0.0,0.0,0.0,0.0,8.911561405971382,8.044900008613993,0.0,0.0,0.0,0.0,0.0,0.0,0.0,0.0,2.9942118367839226,1.721518099177585,0.0
636.0,13.559374944065855,0.0,0.0,0.0,0.0,0.0,0.0,13.209936046056626,0.0,0.0,0.0,0.0,0.0,0.0,0.0,2.8141288302798837,3.737850507394564,0.0
