ID,Texapon SB 3 KC,Plantapon ACG 50,Plantapon LC 7,Plantacare 818,Plantacare 2000,Dehyton MC,Dehyton PK 45,Dehyton ML,Dehyton AB 30,Plantapon Amino SCG-L,Plantapon Amino KG-L,Dehyquart A-CA,Luviquat Excellence,Dehyquart CC6,Dehyquart CC7 Benz,Salcare Super 7,Arlypon F,Arlypon TT
637.0,0.0,0.0,0.0,0.0,10.687707423664135,0.0,0.0,0.0,0.0,0.0,9.54252447400146,0.0,0.0,0.0,0.0,0.7151142436758251,3.2055120992741646,0.0
638.0,0.0,0.0,12.140425219019727,0.0,0.0,0.0,0.0,0.0,0.0,0.0,12.558855425033352,0.0,0.0,0.0,0.0,2.1714742918697807,1.2047220386400523,0.0
639.0,0.0,0.0,0.0,0.0,0.0,0.0,13.206104289698764,11.242926999424958,0.0,0.0,0.0,0.0,0.0,0.0,0.0,1.6592335981246649,2.3916880693689175,0.0
640.0,0.0,0.0,0.0,0.0,0.0,0.0,0.0,12.075812122623358,10.831436429069225,0.0,0.0,0.0,0.0,0.0,0.0,1.0333198161179284,1.6640474960860248,0.0
641.0,0.0,0.0,0.0,0.0,0.0,0.0,0.0,0.0,8.675747514564675,0.0,13.324459327480536,0.0,0.0,0.0,0.0,2.222393104769247,4.766513496420447,0.0
642.0,0.0,0.0,9.329042924995289,0.0,0.0,0.0,0.0,0.0,8.99114214791007,0.0,0.0,0.0,0.0,0.0,0.0,1.31185007574243,4.690857846593908,0.0
