ID,Texapon SB 3 KC,Plantapon ACG 50,Plantapon LC 7,Plantacare 818,Plantacare 2000,Dehyton MC,Dehyton PK 45,Dehyton ML,Dehyton AB 30,Plantapon Amino SCG-L,Plantapon Amino KG-L,Dehyquart A-CA,Luviquat Excellence,Dehyquart CC6,Dehyquart CC7 Benz,Salcare Super 7,Arlypon F,Arlypon TT
607.0,0.0,0.0,0.0,0.0,12.41600804950628,0.0,0.0,0.0,0.0,0.0,12.385404865159117,0.0,0.0,1.7362371119559432,0.0,0.0,3.8846300131039095,0.0
608.0,0.0,11.449846557533384,0.0,0.0,0.0,0.0,0.0,10.088593569993415,0.0,0.0,0.0,0.0,0.0,2.5056974635363756,0.0,0.0,1.3062528668312685,0.0
609.0,0.0,0.0,0.0,0.0,10.002634094802989,0.0,0.0,8.117966391164655,0.0,0.0,0.0,0.0,0.0,2.5344181476755665,0.0,0.0,4.6382787721939245,0.0
610.0,0.0,0.0,6.337478692616683,0.0,0.0,0.0,0.0,13.35288832591838,0.0,0.0,0.0,0.0,0.0,2.0217918769342105,0.0,0.0,3.6835554002533946,0.0
611.0,0.0,0.0,0.0,8.249784987672735,0.0,0.0,0.0,0.0,0.0,10.226545062013718,0.0,0.0,0.0,3.371402168120494,0.0,0.0,1.619070121372922,0.0
612.0,6.160784971456477,8.751103450286273,0.0,0.0,0.0,0.0,0.0,0.0,0.0,0.0,0.0,0.0,0.0,2.740444991846375,0.0,0.0,3.0279754320308925,0.0
