ID,Texapon SB 3 KC,Plantapon ACG 50,Plantapon LC 7,Plantacare 818,Plantacare 2000,Dehyton MC,Dehyton PK 45,Dehyton ML,Dehyton AB 30,Plantapon Amino SCG-L,Plantapon Amino KG-L,Dehyquart A-CA,Luviquat Excellence,Dehyquart CC6,Dehyquart CC7 Benz,Salcare Super 7,Arlypon F,Arlypon TT
373.0,0.0,0.0,0.0,8.347613846195303,0.0,8.84289624350731,0.0,0.0,0.0,0.0,0.0,0.0,0.0,0.0,2.6982363396076554,0.0,2.7220479933245896,0.0
374.0,7.318276927537201,0.0,0.0,0.0,0.0,0.0,0.0,0.0,12.744411037919306,0.0,0.0,0.0,0.0,0.0,4.023507283348636,0.0,4.166422262053167,0.0
375.0,0.0,0.0,0.0,0.0,0.0,0.0,0.0,7.739585178469527,11.766274670218872,0.0,0.0,0.0,0.0,0.0,1.9562461895798393,0.0,2.55702230363859,0.0
376.0,7.487356311883123,0.0,0.0,0.0,0.0,0.0,0.0,14.388186561289723,0.0,0.0,0.0,0.0,0.0,0.0,2.0263832554782235,0.0,4.89101412975724,0.0
377.0,0.0,0.0,0.0,10.196543628128051,0.0,0.0,0.0,0.0,0.0,0.0,8.252943948290602,0.0,0.0,0.0,2.3363401802284254,0.0,2.422144908778254,0.0
378.0,0.0,0.0,0.0,0.0,0.0,0.0,7.693605022538402,0.0,10.017622080678148,0.0,0.0,0.0,0.0,0.0,2.575917544211529,0.0,4.651993259479108,0.0
