ID,Texapon SB 3 KC,Plantapon ACG 50,Plantapon LC 7,Plantacare 818,Plantacare 2000,Dehyton MC,Dehyton PK 45,Dehyton ML,Dehyton AB 30,Plantapon Amino SCG-L,Plantapon Amino KG-L,Dehyquart A-CA,Luviquat Excellence,Dehyquart CC6,Dehyquart CC7 Benz,Salcare Super 7,Arlypon F,Arlypon TT
265.0,0.0,0.0,0.0,8.703068429642942,0.0,0.0,0.0,0.0,0.0,0.0,0.0,8.629736548199444,2.579347079938144,0.0,0.0,0.0,4.399912886607095,0.0
266.0,0.0,0.0,0.0,13.322213300094083,6.721679928472121,0.0,0.0,0.0,0.0,0.0,0.0,0.0,1.2297841002854641,0.0,0.0,0.0,4.577190474548306,0.0
267.0,0.0,0.0,0.0,0.0,0.0,0.0,0.0,0.0,8.550040006346466,0.0,0.0,11.251948716217274,0.9919507439479107,0.0,0.0,0.0,2.4317178388836567,0.0
268.0,0.0,0.0,0.0,8.509245476428658,0.0,0.0,0.0,0.0,11.530174839340713,0.0,0.0,0.0,2.2487668624992057,0.0,0.0,0.0,1.3936711160932391,0.0
269.0,0.0,0.0,0.0,0.0,9.756601657143515,0.0,0.0,0.0,0.0,0.0,0.0,11.417025949718095,1.647305257466131,0.0,0.0,0.0,4.217893551799404,0.0
270.0,0.0,0.0,0.0,0.0,10.844081307943924,0.0,0.0,0.0,12.584937170088825,0.0,0.0,0.0,1.8452484011755286,0.0,0.0,0.0,3.749309500396424,0.0
