ID,Texapon SB 3 KC,Plantapon ACG 50,Plantapon LC 7,Plantacare 818,Plantacare 2000,Dehyton MC,Dehyton PK 45,Dehyton ML,Dehyton AB 30,Plantapon Amino SCG-L,Plantapon Amino KG-L,Dehyquart A-CA,Luviquat Excellence,Dehyquart CC6,Dehyquart CC7 Benz,Salcare Super 7,Arlypon F,Arlypon TT
781.0,0.0,0.0,0.0,0.0,0.0,8.448512345580468,0.0,0.0,0.0,0.0,0.0,8.472622250014958,0.0,0.0,1.2808386730815091,0.0,0.0,1.0447625254938893
782.0,7.817958273506749,7.883500496391714,0.0,0.0,0.0,0.0,0.0,0.0,0.0,0.0,0.0,0.0,0.0,0.0,3.094053763928796,0.0,0.0,4.690365325210975
783.0,0.0,0.0,0.0,0.0,0.0,12.70703199836573,10.95842018767037,0.0,0.0,0.0,0.0,0.0,0.0,0.0,2.417441272693965,0.0,0.0,2.464746947372929
784.0,0.0,0.0,0.0,0.0,0.0,0.0,0.0,0.0,10.492742420065204,0.0,8.67138327621581,0.0,0.0,0.0,1.4908143429895355,0.0,0.0,3.616812741889387
785.0,0.0,12.39155498845642,0.0,0.0,0.0,0.0,0.0,0.0,12.567499988292655,0.0,0.0,0.0,0.0,0.0,1.3159622583894848,0.0,0.0,3.8089192272209074
786.0,0.0,0.0,0.0,0.0,0.0,0.0,0.0,5.405400287483497,0.0,0.0,0.0,10.783263630106402,0.0,0.0,3.131052619353633,0.0,0.0,2.04487312762355
