ID,Texapon SB 3 KC,Plantapon ACG 50,Plantapon LC 7,Plantacare 818,Plantacare 2000,Dehyton MC,Dehyton PK 45,Dehyton ML,Dehyton AB 30,Plantapon Amino SCG-L,Plantapon Amino KG-L,Dehyquart A-CA,Luviquat Excellence,Dehyquart CC6,Dehyquart CC7 Benz,Salcare Super 7,Arlypon F,Arlypon TT
19.0,1.6600262949059277,0.0,0.0,0.0,2.9840230246609964,0.0,0.0,0.0,0.0,0.0,0.0,0.0,2.0435929766833563,0.0,0.0,0.0,0.0,3.455872923031288
20.0,4.061359278549464,0.0,0.0,0.0,5.800385587530895,0.0,0.0,0.0,0.0,0.0,0.0,0.0,2.323570886929109,0.0,0.0,0.0,0.0,3.589960347413177
21.0,2.151457733119092,0.0,0.0,0.0,5.781796833062171,0.0,0.0,0.0,0.0,0.0,0.0,0.0,3.133650303123292,0.0,0.0,0.0,0.0,3.190804544776765
22.0,4.495516165831752,0.0,0.0,0.0,7.175080406781439,0.0,0.0,0.0,0.0,0.0,0.0,0.0,2.199697466011371,0.0,0.0,0.0,0.0,5.047597098477728
23.0,1.971843236847788,0.0,0.0,0.0,4.7591473040811225,0.0,0.0,0.0,0.0,0.0,0.0,0.0,5.024786125786434,0.0,0.0,0.0,0.0,3.910282054137694
24.0,5.8750394218165685,0.0,0.0,0.0,5.816948701875728,0.0,0.0,0.0,0.0,0.0,0.0,0.0,4.208500356733207,0.0,0.0,0.0,0.0,4.893404713663217
