ID,Texapon SB 3 KC,Plantapon ACG 50,Plantapon LC 7,Plantacare 818,Plantacare 2000,Dehyton MC,Dehyton PK 45,Dehyton ML,Dehyton AB 30,Plantapon Amino SCG-L,Plantapon Amino KG-L,Dehyquart A-CA,Luviquat Excellence,Dehyquart CC6,Dehyquart CC7 Benz,Salcare Super 7,Arlypon F,Arlypon TT
97.0,8.468984415234065,0.0,0.0,0.0,0.0,0.0,0.0,0.0,13.515049563038001,0.0,0.0,0.0,2.716663015853913,0.0,0.0,0.0,0.0,0.9186660548707571
98.0,0.0,0.0,0.0,0.0,0.0,0.0,0.0,0.0,0.0,12.878762432514229,0.0,8.724739986135017,1.3500324325974846,0.0,0.0,0.0,0.0,1.14367388396854
99.0,0.0,0.0,0.0,0.0,0.0,0.0,7.746928786220108,0.0,0.0,0.0,0.0,8.487524442030962,2.7548667263970423,0.0,0.0,0.0,0.0,1.2127875168982993
100.0,0.0,0.0,0.0,0.0,0.0,0.0,10.087836868439746,0.0,0.0,0.0,11.296567638773281,0.0,1.4162508619044243,0.0,0.0,0.0,0.0,1.3621579470399725
101.0,0.0,0.0,0.0,0.0,0.0,9.870016589273735,0.0,0.0,13.093141373734033,0.0,0.0,0.0,1.1502335074871883,0.0,0.0,0.0,0.0,1.2305398211141123
102.0,0.0,0.0,0.0,8.370034376499838,9.113225201778647,0.0,0.0,0.0,0.0,0.0,0.0,0.0,2.3491226393287916,0.0,0.0,0.0,0.0,1.4366325379363616
