ID,Texapon SB 3 KC,Plantapon ACG 50,Plantapon LC 7,Plantacare 818,Plantacare 2000,Dehyton MC,Dehyton PK 45,Dehyton ML,Dehyton AB 30,Plantapon Amino SCG-L,Plantapon Amino KG-L,Dehyquart A-CA,Luviquat Excellence,Dehyquart CC6,Dehyquart CC7 Benz,Salcare Super 7,Arlypon F,Arlypon TT
43.0,6.827279529911539,0.0,0.0,0.0,0.0,0.0,0.0,7.998389882721571,0.0,0.0,0.0,0.0,1.064466903343658,0.0,0.0,0.0,0.0,2.9277758820247826
44.0,7.733537944719082,0.0,0.0,0.0,0.0,0.0,0.0,8.164886708144326,0.0,0.0,0.0,0.0,2.081133832732269,0.0,0.0,0.0,0.0,3.634237282651067
45.0,11.849319062555526,0.0,0.0,0.0,0.0,0.0,0.0,9.784769104928987,0.0,0.0,0.0,0.0,1.0786610869911546,0.0,0.0,0.0,0.0,2.2873996201951123
46.0,11.22258175085513,0.0,0.0,0.0,0.0,0.0,0.0,13.867213486274013,0.0,0.0,0.0,0.0,1.5490544348258999,0.0,0.0,0.0,0.0,4.461472236580401
47.0,8.785169764658662,0.0,0.0,0.0,0.0,0.0,0.0,9.308461601783367,0.0,0.0,0.0,0.0,1.3484162296419928,0.0,0.0,0.0,0.0,4.159626039904287
48.0,9.649782306119052,0.0,0.0,0.0,0.0,0.0,0.0,8.770553574296112,0.0,0.0,0.0,0.0,1.6207692563448506,0.0,0.0,0.0,0.0,5.137066747729162
