ID,Texapon SB 3 KC,Plantapon ACG 50,Plantapon LC 7,Plantacare 818,Plantacare 2000,Dehyton MC,Dehyton PK 45,Dehyton ML,Dehyton AB 30,Plantapon Amino SCG-L,Plantapon Amino KG-L,Dehyquart A-CA,Luviquat Excellence,Dehyquart CC6,Dehyquart CC7 Benz,Salcare Super 7,Arlypon F,Arlypon TT
583.0,0.0,0.0,0.0,8.89360234381336,0.0,9.32892551468748,0.0,0.0,0.0,0.0,0.0,0.0,0.0,1.5436459564905916,0.0,0.0,1.0908097844893347,0.0
584.0,0.0,0.0,0.0,0.0,0.0,0.0,0.0,0.0,12.819365569421343,0.0,0.0,9.282574506212757,0.0,1.2479405046782976,0.0,0.0,4.966728106884019,0.0
585.0,8.118116874869044,0.0,0.0,0.0,0.0,0.0,0.0,0.0,8.435596013689379,0.0,0.0,0.0,0.0,2.5612580831221092,0.0,0.0,2.785246432596624,0.0
586.0,0.0,0.0,0.0,0.0,0.0,0.0,0.0,0.0,0.0,0.0,8.239253740637723,13.111437660821254,0.0,1.9611337690183221,0.0,0.0,4.973853879238071,0.0
587.0,15.116253511805077,0.0,0.0,0.0,0.0,0.0,0.0,0.0,0.0,0.0,0.0,10.745219619874604,0.0,1.438154172066449,0.0,0.0,2.869147410496019,0.0
588.0,0.0,0.0,0.0,0.0,11.997773773587024,0.0,0.0,0.0,0.0,0.0,0.0,10.800375333526562,0.0,1.849871555267419,0.0,0.0,1.6850805861779092,0.0
