ID,Texapon SB 3 KC,Plantapon ACG 50,Plantapon LC 7,Plantacare 818,Plantacare 2000,Dehyton MC,Dehyton PK 45,Dehyton ML,Dehyton AB 30,Plantapon Amino SCG-L,Plantapon Amino KG-L,Dehyquart A-CA,Luviquat Excellence,Dehyquart CC6,Dehyquart CC7 Benz,Salcare Super 7,Arlypon F,Arlypon TT
19.0,1.7267297715318672,0.0,0.0,0.0,2.6765828795978694,0.0,0.0,0.0,0.0,0.0,0.0,0.0,1.8821303931789806,0.0,0.0,0.0,0.0,3.368488657997265
20.0,3.8551583573826527,0.0,0.0,0.0,5.442635087340825,0.0,0.0,0.0,0.0,0.0,0.0,0.0,2.4978607737303227,0.0,0.0,0.0,0.0,3.505594786356673
21.0,2.298963611380912,0.0,0.0,0.0,5.732200348991605,0.0,0.0,0.0,0.0,0.0,0.0,0.0,3.3183130871697926,0.0,0.0,0.0,0.0,3.0907961484635345
22.0,4.380992666932159,0.0,0.0,0.0,6.763689945080664,0.0,0.0,0.0,0.0,0.0,0.0,0.0,2.4093230533459726,0.0,0.0,0.0,0.0,4.963539860092885
23.0,1.960290360819358,0.0,0.0,0.0,5.01104739559158,0.0,0.0,0.0,0.0,0.0,0.0,0.0,5.04353094646816,0.0,0.0,0.0,0.0,3.8097689103471306
24.0,5.861371173776353,0.0,0.0,0.0,5.714516573996138,0.0,0.0,0.0,0.0,0.0,0.0,0.0,4.3514299196608475,0.0,0.0,0.0,0.0,4.785094509615617
