ID,Texapon SB 3 KC,Plantapon ACG 50,Plantapon LC 7,Plantacare 818,Plantacare 2000,Dehyton MC,Dehyton PK 45,Dehyton ML,Dehyton AB 30,Plantapon Amino SCG-L,Plantapon Amino KG-L,Dehyquart A-CA,Luviquat Excellence,Dehyquart CC6,Dehyquart CC7 Benz,Salcare Super 7,Arlypon F,Arlypon TT
739.0,0.0,0.0,7.56667596799393,0.0,0.0,0.0,0.0,0.0,0.0,8.023615431876593,0.0,0.0,0.0,0.0,0.0,2.439442787633021,0.0,1.4744852744228347
740.0,0.0,11.417214058968609,0.0,0.0,0.0,0.0,9.267123837418566,0.0,0.0,0.0,0.0,0.0,0.0,0.0,0.0,2.572569242769888,0.0,2.8834315584994825
741.0,0.0,0.0,13.694187231904028,0.0,0.0,0.0,8.734562237358121,0.0,0.0,0.0,0.0,0.0,0.0,0.0,0.0,1.8549590301559937,0.0,1.735438474089284
742.0,8.950977015741339,0.0,0.0,0.0,0.0,0.0,0.0,0.0,0.0,12.772061352981853,0.0,0.0,0.0,0.0,0.0,2.5863126105769885,0.0,2.8223353752309865
743.0,0.0,0.0,8.938222780036083,0.0,8.885744015513827,0.0,0.0,0.0,0.0,0.0,0.0,0.0,0.0,0.0,0.0,1.4617316250169532,0.0,1.9110191609027796
744.0,0.0,0.0,0.0,0.0,0.0,0.0,0.0,0.0,12.705170296651827,11.711672951929337,0.0,0.0,0.0,0.0,0.0,2.206134064195465,0.0,2.2650953309446367
