ID,Texapon SB 3 KC,Plantapon ACG 50,Plantapon LC 7,Plantacare 818,Plantacare 2000,Dehyton MC,Dehyton PK 45,Dehyton ML,Dehyton AB 30,Plantapon Amino SCG-L,Plantapon Amino KG-L,Dehyquart A-CA,Luviquat Excellence,Dehyquart CC6,Dehyquart CC7 Benz,Salcare Super 7,Arlypon F,Arlypon TT
349.0,0.0,0.0,0.0,0.0,0.0,0.0,0.0,17.051297821010557,14.529246177902913,0.0,0.0,0.0,0.0,0.0,1.6182755019939463,0.0,3.2201634039678546,0.0
350.0,0.0,0.0,0.0,0.0,0.0,18.48132713858483,0.0,0.0,0.0,0.0,17.662032972421315,0.0,0.0,0.0,3.8985001215208657,0.0,5.6421652149354635,0.0
351.0,0.0,0.0,0.0,0.0,0.0,0.0,0.0,0.0,17.072970683774884,0.0,16.139392511553723,0.0,0.0,0.0,2.8594828006181863,0.0,2.206058009701352,0.0
352.0,0.0,0.0,15.513852594017251,0.0,0.0,16.552776370439375,0.0,0.0,0.0,0.0,0.0,0.0,0.0,0.0,2.66293824010226,0.0,4.948013697814897,0.0
353.0,0.0,0.0,0.0,0.0,0.0,14.743020648004638,14.577810704777368,0.0,0.0,0.0,0.0,0.0,0.0,0.0,5.992794012069074,0.0,3.7683601336148493,0.0
354.0,7.786015303452663,0.0,0.0,14.096969570740752,0.0,0.0,0.0,0.0,0.0,0.0,0.0,0.0,0.0,0.0,4.764674348156649,0.0,5.697510637318837,0.0
