ID,Texapon SB 3 KC,Plantapon ACG 50,Plantapon LC 7,Plantacare 818,Plantacare 2000,Dehyton MC,Dehyton PK 45,Dehyton ML,Dehyton AB 30,Plantapon Amino SCG-L,Plantapon Amino KG-L,Dehyquart A-CA,Luviquat Excellence,Dehyquart CC6,Dehyquart CC7 Benz,Salcare Super 7,Arlypon F,Arlypon TT
775.0,0.0,0.0,0.0,0.0,0.0,0.0,0.0,9.983124586539054,0.0,13.036191548700854,0.0,0.0,0.0,0.0,2.7813743310091157,0.0,0.0,1.0412778049758018
776.0,0.0,0.0,0.0,0.0,0.0,0.0,11.206662591168772,0.0,0.0,0.0,7.940914304320508,0.0,0.0,0.0,1.5303529384423322,0.0,0.0,4.03615035146895
777.0,0.0,0.0,0.0,11.170984080798016,0.0,12.73983632903191,0.0,0.0,0.0,0.0,0.0,0.0,0.0,0.0,2.8166220214408546,0.0,0.0,5.048779429161123
778.0,7.732137106867078,0.0,0.0,0.0,8.849740511327564,0.0,0.0,0.0,0.0,0.0,0.0,0.0,0.0,0.0,2.779936123961321,0.0,0.0,1.9394308163485565
779.0,0.0,0.0,10.481143747228531,0.0,0.0,0.0,0.0,0.0,0.0,13.334622595158313,0.0,0.0,0.0,0.0,1.405426093378426,0.0,0.0,2.723091413753679
780.0,0.0,0.0,0.0,7.688472117097509,0.0,0.0,0.0,12.495734557764786,0.0,0.0,0.0,0.0,0.0,0.0,0.9246627162323067,0.0,0.0,1.6575071030333688
