ID,Texapon SB 3 KC,Plantapon ACG 50,Plantapon LC 7,Plantacare 818,Plantacare 2000,Dehyton MC,Dehyton PK 45,Dehyton ML,Dehyton AB 30,Plantapon Amino SCG-L,Plantapon Amino KG-L,Dehyquart A-CA,Luviquat Excellence,Dehyquart CC6,Dehyquart CC7 Benz,Salcare Super 7,Arlypon F,Arlypon TT
307.0,0.0,0.0,0.0,0.0,0.0,8.900997298858632,0.0,0.0,0.0,10.753463858149214,0.0,0.0,0.0,0.0,1.8228529751213105,0.0,1.7220672474866645,0.0
308.0,8.11316406428114,0.0,0.0,0.0,0.0,0.0,0.0,0.0,0.0,0.0,0.0,12.5579032696193,0.0,0.0,2.1562836236523095,0.0,2.340436252928515,0.0
309.0,0.0,0.0,10.683821208828508,0.0,0.0,0.0,0.0,0.0,0.0,11.584818497197611,0.0,0.0,0.0,0.0,1.9085347742875447,0.0,1.743385050813042,0.0
310.0,0.0,9.060134331278407,0.0,0.0,0.0,0.0,0.0,0.0,10.993772403079213,0.0,0.0,0.0,0.0,0.0,2.76784914420787,0.0,4.647498607982234,0.0
311.0,0.0,0.0,0.0,0.0,0.0,0.0,8.163622976703,0.0,0.0,0.0,11.627821357322267,0.0,0.0,0.0,2.1278585147736666,0.0,2.0173042778706596,0.0
312.0,0.0,0.0,0.0,0.0,0.0,0.0,0.0,0.0,0.0,0.0,12.797583128345435,11.639237017498989,0.0,0.0,1.456647624344652,0.0,3.1772348182288144,0.0
