ID,Texapon SB 3 KC,Plantapon ACG 50,Plantapon LC 7,Plantacare 818,Plantacare 2000,Dehyton MC,Dehyton PK 45,Dehyton ML,Dehyton AB 30,Plantapon Amino SCG-L,Plantapon Amino KG-L,Dehyquart A-CA,Luviquat Excellence,Dehyquart CC6,Dehyquart CC7 Benz,Salcare Super 7,Arlypon F,Arlypon TT
31.0,0.0,2.8780507562375797,0.0,0.0,0.0,0.0,0.0,0.0,0.0,4.35640478869866,0.0,0.0,3.211840104630899,0.0,0.0,0.0,0.0,4.7396070617785995
32.0,0.0,6.017966590798048,0.0,0.0,0.0,0.0,0.0,0.0,0.0,2.65065412645268,0.0,0.0,4.868736225324521,0.0,0.0,0.0,0.0,3.0580694829258803
33.0,0.0,5.777306036320549,0.0,0.0,0.0,0.0,0.0,0.0,0.0,5.205159737319106,0.0,0.0,5.035058879161332,0.0,0.0,0.0,0.0,3.419161958073371
34.0,0.0,7.681395040780881,0.0,0.0,0.0,0.0,0.0,0.0,0.0,6.299856189295365,0.0,0.0,5.438711606814846,0.0,0.0,0.0,0.0,2.6001419768425746
35.0,0.0,4.443151145191445,0.0,0.0,0.0,0.0,0.0,0.0,0.0,4.08116761155612,0.0,0.0,5.778949076378045,0.0,0.0,0.0,0.0,3.093582101312231
36.0,0.0,7.108103187648204,0.0,0.0,0.0,0.0,0.0,0.0,0.0,2.6643097701973595,0.0,0.0,3.2320731990863347,0.0,0.0,0.0,0.0,3.8686564375374433
