ID,Texapon SB 3 KC,Plantapon ACG 50,Plantapon LC 7,Plantacare 818,Plantacare 2000,Dehyton MC,Dehyton PK 45,Dehyton ML,Dehyton AB 30,Plantapon Amino SCG-L,Plantapon Amino KG-L,Dehyquart A-CA,Luviquat Excellence,Dehyquart CC6,Dehyquart CC7 Benz,Salcare Super 7,Arlypon F,Arlypon TT
229.0,0.0,0.0,0.0,0.0,8.59515389592206,0.0,0.0,0.0,0.0,10.808752683941277,0.0,0.0,2.004598085382802,0.0,0.0,0.0,4.963766687614472,0.0
230.0,0.0,9.783869386942268,0.0,0.0,8.797623918619896,0.0,0.0,0.0,0.0,0.0,0.0,0.0,1.1861468157362396,0.0,0.0,0.0,3.261289795647446,0.0
231.0,0.0,0.0,0.0,0.0,0.0,0.0,0.0,11.409122300758852,11.02259246355378,0.0,0.0,0.0,2.328417785489311,0.0,0.0,0.0,3.0313128059882106,0.0
232.0,0.0,0.0,0.0,0.0,0.0,0.0,0.0,0.0,0.0,0.0,11.915947784621219,11.845301867375172,1.2855033870298336,0.0,0.0,0.0,4.894752837758386,0.0
233.0,0.0,0.0,0.0,6.934029956668663,12.134305027639765,0.0,0.0,0.0,0.0,0.0,0.0,0.0,1.4262409982944082,0.0,0.0,0.0,3.4536555656877375,0.0
234.0,0.0,0.0,0.0,9.210577516737265,0.0,12.068258287512073,0.0,0.0,0.0,0.0,0.0,0.0,2.5689349258972904,0.0,0.0,0.0,2.7336884722137307,0.0
