ID,Texapon SB 3 KC,Plantapon ACG 50,Plantapon LC 7,Plantacare 818,Plantacare 2000,Dehyton MC,Dehyton PK 45,Dehyton ML,Dehyton AB 30,Plantapon Amino SCG-L,Plantapon Amino KG-L,Dehyquart A-CA,Luviquat Excellence,Dehyquart CC6,Dehyquart CC7 Benz,Salcare Super 7,Arlypon F,Arlypon TT
121.0,0.0,0.0,0.0,0.0,0.0,7.915090115729087,0.0,0.0,0.0,12.625694338895718,0.0,0.0,2.1690295402718425,0.0,0.0,0.0,0.0,1.3547096095383395
122.0,0.0,0.0,0.0,0.0,0.0,0.0,0.0,0.0,9.128324133411923,0.0,0.0,11.782453680808866,2.811005417138541,0.0,0.0,0.0,0.0,2.1116943231552976
123.0,0.0,0.0,0.0,0.0,11.911483974280971,13.738991304214268,0.0,0.0,0.0,0.0,0.0,0.0,1.1342644266137645,0.0,0.0,0.0,0.0,4.317522656142904
124.0,0.0,0.0,0.0,0.0,0.0,0.0,0.0,11.812096868815058,9.818552377615868,0.0,0.0,0.0,1.2373213455039778,0.0,0.0,0.0,0.0,1.69915585969404
125.0,0.0,0.0,0.0,0.0,0.0,11.584559903548792,0.0,8.629504612882362,0.0,0.0,0.0,0.0,1.8738003642421226,0.0,0.0,0.0,0.0,1.4716605600440513
126.0,0.0,0.0,0.0,0.0,13.322302293050267,0.0,0.0,0.0,0.0,0.0,0.0,8.280055154870778,2.6741043681851018,0.0,0.0,0.0,0.0,4.337311615948603
