ID,Texapon SB 3 KC,Plantapon ACG 50,Plantapon LC 7,Plantacare 818,Plantacare 2000,Dehyton MC,Dehyton PK 45,Dehyton ML,Dehyton AB 30,Plantapon Amino SCG-L,Plantapon Amino KG-L,Dehyquart A-CA,Luviquat Excellence,Dehyquart CC6,Dehyquart CC7 Benz,Salcare Super 7,Arlypon F,Arlypon TT
127.0,0.0,0.0,0.0,0.0,0.0,0.0,9.69074337496927,0.0,12.505147749036485,0.0,0.0,0.0,0.7884112642093603,0.0,0.0,0.0,0.0,3.4471230668585013
128.0,0.0,12.901149495214796,0.0,0.0,0.0,0.0,0.0,10.49009878050315,0.0,0.0,0.0,0.0,1.5446257399849335,0.0,0.0,0.0,0.0,4.902238937790582
129.0,0.0,0.0,0.0,0.0,0.0,7.585978729780134,0.0,0.0,0.0,0.0,0.0,10.80800716446476,2.7864781689534537,0.0,0.0,0.0,0.0,2.0671866576631315
130.0,0.0,0.0,0.0,0.0,0.0,0.0,0.0,0.0,0.0,0.0,12.14012425137458,12.549808913916921,2.323030785792442,0.0,0.0,0.0,0.0,1.850508016797448
131.0,0.0,0.0,0.0,0.0,0.0,0.0,11.275260335924711,0.0,0.0,0.0,0.0,13.021310986175564,1.5455708527390202,0.0,0.0,0.0,0.0,2.162811608625234
132.0,0.0,0.0,0.0,0.0,0.0,0.0,0.0,12.870893144324802,0.0,0.0,0.0,12.921336205137868,2.902948695811371,0.0,0.0,0.0,0.0,4.32227795594397
