ID,Texapon SB 3 KC,Plantapon ACG 50,Plantapon LC 7,Plantacare 818,Plantacare 2000,Dehyton MC,Dehyton PK 45,Dehyton ML,Dehyton AB 30,Plantapon Amino SCG-L,Plantapon Amino KG-L,Dehyquart A-CA,Luviquat Excellence,Dehyquart CC6,Dehyquart CC7 Benz,Salcare Super 7,Arlypon F,Arlypon TT
235.0,0.0,0.0,11.080649873717473,0.0,0.0,0.0,0.0,0.0,9.276474858236456,0.0,0.0,0.0,1.4527253168371457,0.0,0.0,0.0,1.6424282791733247,0.0
236.0,8.018364236340728,0.0,0.0,0.0,0.0,0.0,0.0,0.0,0.0,0.0,9.223346482995758,0.0,1.9737671366105443,0.0,0.0,0.0,4.672803037329879,0.0
237.0,0.0,0.0,0.0,0.0,0.0,0.0,10.785005460973847,0.0,0.0,0.0,13.182329962527092,0.0,1.3210400524685675,0.0,0.0,0.0,4.1859610236656675,0.0
238.0,0.0,0.0,0.0,7.995988833378709,0.0,0.0,0.0,0.0,0.0,0.0,8.475487348289585,0.0,1.5786836565712212,0.0,0.0,0.0,3.425705917198312,0.0
239.0,0.0,0.0,0.0,0.0,0.0,12.478617733448202,0.0,7.615130628130849,0.0,0.0,0.0,0.0,2.0705336650977877,0.0,0.0,0.0,4.921925525062141,0.0
240.0,8.218283747241829,0.0,0.0,0.0,0.0,9.353784000412988,0.0,0.0,0.0,0.0,0.0,0.0,1.0167156522187846,0.0,0.0,0.0,4.071895854678225,0.0
