ID,Texapon SB 3 KC,Plantapon ACG 50,Plantapon LC 7,Plantacare 818,Plantacare 2000,Dehyton MC,Dehyton PK 45,Dehyton ML,Dehyton AB 30,Plantapon Amino SCG-L,Plantapon Amino KG-L,Dehyquart A-CA,Luviquat Excellence,Dehyquart CC6,Dehyquart CC7 Benz,Salcare Super 7,Arlypon F,Arlypon TT
589.0,8.070709009244494,0.0,0.0,0.0,0.0,0.0,0.0,0.0,0.0,12.969203334451903,0.0,0.0,0.0,1.963165802640912,0.0,0.0,3.260638786727875,0.0
590.0,0.0,0.0,0.0,0.0,0.0,11.939583221716338,0.0,0.0,0.0,0.0,8.414011285289948,0.0,0.0,3.853023677734794,0.0,0.0,4.878613340121939,0.0
591.0,0.0,0.0,7.096808367176348,7.142036575153045,0.0,0.0,0.0,0.0,0.0,0.0,0.0,0.0,0.0,2.5013711689293587,0.0,0.0,4.432364381709138,0.0
592.0,0.0,0.0,8.971797714931133,0.0,11.236944795806467,0.0,0.0,0.0,0.0,0.0,0.0,0.0,0.0,3.2605884591870784,0.0,0.0,1.1838747809453563,0.0
593.0,8.404534950309168,12.413510780505254,0.0,0.0,0.0,0.0,0.0,0.0,0.0,0.0,0.0,0.0,0.0,2.0716774541516254,0.0,0.0,2.3224210238080714,0.0
594.0,9.718649088580843,0.0,0.0,8.054834948229232,0.0,0.0,0.0,0.0,0.0,0.0,0.0,0.0,0.0,2.0773479341068044,0.0,0.0,1.442165834277944,0.0
