ID,Texapon SB 3 KC,Plantapon ACG 50,Plantapon LC 7,Plantacare 818,Plantacare 2000,Dehyton MC,Dehyton PK 45,Dehyton ML,Dehyton AB 30,Plantapon Amino SCG-L,Plantapon Amino KG-L,Dehyquart A-CA,Luviquat Excellence,Dehyquart CC6,Dehyquart CC7 Benz,Salcare Super 7,Arlypon F,Arlypon TT
541.0,0.0,7.591908595405078,0.0,0.0,0.0,9.445816617844931,0.0,0.0,0.0,0.0,0.0,0.0,0.0,0.0,0.0,0.8012568438422759,3.8360171398945924,0.0
542.0,0.0,0.0,0.0,9.072509154616682,0.0,0.0,0.0,0.0,0.0,0.0,0.0,9.571177238677622,0.0,0.0,0.0,2.3384587852351166,2.214045668539568,0.0
543.0,0.0,0.0,0.0,0.0,0.0,0.0,9.14796277170483,0.0,0.0,0.0,0.0,9.375390043752555,0.0,0.0,0.0,2.2431012193730653,4.144562786657267,0.0
544.0,0.0,11.641451812517516,0.0,0.0,0.0,0.0,0.0,0.0,0.0,12.726597601082826,0.0,0.0,0.0,0.0,0.0,1.5549048159761392,4.924068187789777,0.0
545.0,0.0,0.0,0.0,0.0,0.0,0.0,0.0,7.7697695867324414,0.0,0.0,0.0,9.728961552030684,0.0,0.0,0.0,1.4275200524355693,2.8321997840323476,0.0
546.0,0.0,8.448194095849844,0.0,12.128260327642458,0.0,0.0,0.0,0.0,0.0,0.0,0.0,0.0,0.0,0.0,0.0,1.6139580878590285,4.066932589931121,0.0
