ID,Texapon SB 3 KC,Plantapon ACG 50,Plantapon LC 7,Plantacare 818,Plantacare 2000,Dehyton MC,Dehyton PK 45,Dehyton ML,Dehyton AB 30,Plantapon Amino SCG-L,Plantapon Amino KG-L,Dehyquart A-CA,Luviquat Excellence,Dehyquart CC6,Dehyquart CC7 Benz,Salcare Super 7,Arlypon F,Arlypon TT
343.0,0.0,10.30191546694262,12.030859492396857,0.0,0.0,0.0,0.0,0.0,0.0,0.0,0.0,0.0,0.0,0.0,2.468852347586572,0.0,4.7633155283406765,0.0
344.0,0.0,0.0,9.11883524061046,0.0,0.0,0.0,0.0,0.0,0.0,0.0,10.397185941408413,0.0,0.0,0.0,1.5555923862984453,0.0,4.194743920779068,0.0
345.0,3.9621170145865356,0.0,0.0,0.0,0.0,0.0,11.950090341866455,0.0,0.0,0.0,0.0,0.0,0.0,0.0,2.138350646170172,0.0,4.92437480536307,0.0
346.0,0.0,0.0,0.0,0.0,0.0,9.187619116145626,0.0,0.0,0.0,0.0,0.0,11.501048389995278,0.0,0.0,3.2172690659055982,0.0,5.167660196131633,0.0
347.0,0.0,0.0,0.0,0.0,7.938642728718097,9.294720374005019,0.0,0.0,0.0,0.0,0.0,0.0,0.0,0.0,3.5843080722890948,0.0,4.272979888868979,0.0
348.0,0.0,0.0,0.0,10.412293228513972,10.65929481879789,0.0,0.0,0.0,0.0,0.0,0.0,0.0,0.0,0.0,3.0201335319927787,0.0,3.459982594055725,0.0
