ID,Texapon SB 3 KC,Plantapon ACG 50,Plantapon LC 7,Plantacare 818,Plantacare 2000,Dehyton MC,Dehyton PK 45,Dehyton ML,Dehyton AB 30,Plantapon Amino SCG-L,Plantapon Amino KG-L,Dehyquart A-CA,Luviquat Excellence,Dehyquart CC6,Dehyquart CC7 Benz,Salcare Super 7,Arlypon F,Arlypon TT
253.0,0.0,0.0,0.0,0.0,12.295247162772837,0.0,0.0,0.0,0.0,0.0,0.0,8.275185468403762,2.5244166959849648,0.0,0.0,0.0,1.0352734146981375,0.0
254.0,0.0,0.0,0.0,6.745067503010212,0.0,0.0,0.0,0.0,0.0,0.0,0.0,13.303807174445383,2.922073628954521,0.0,0.0,0.0,1.4201202298408535,0.0
255.0,0.0,0.0,0.0,0.0,0.0,0.0,0.0,0.0,0.0,8.76954695366429,0.0,10.544787136032724,1.4440646907389305,0.0,0.0,0.0,1.221038306233051,0.0
256.0,0.0,0.0,0.0,13.820536706878375,0.0,0.0,0.0,0.0,0.0,0.0,0.0,10.410784129213981,1.053589015904318,0.0,0.0,0.0,2.830830557283925,0.0
257.0,0.0,0.0,0.0,10.10308268005969,0.0,0.0,0.0,0.0,7.964958484358044,0.0,0.0,0.0,2.6020614777392113,0.0,0.0,0.0,2.1648755178905845,0.0
258.0,0.0,9.387758421041786,0.0,0.0,0.0,0.0,0.0,0.0,0.0,0.0,0.0,12.88314741625297,2.0676072368397844,0.0,0.0,0.0,1.175088038276102,0.0
