ID,Texapon SB 3 KC,Plantapon ACG 50,Plantapon LC 7,Plantacare 818,Plantacare 2000,Dehyton MC,Dehyton PK 45,Dehyton ML,Dehyton AB 30,Plantapon Amino SCG-L,Plantapon Amino KG-L,Dehyquart A-CA,Luviquat Excellence,Dehyquart CC6,Dehyquart CC7 Benz,Salcare Super 7,Arlypon F,Arlypon TT
649.0,0.0,7.946881389914489,0.0,0.0,0.0,0.0,0.0,0.0,0.0,10.165356735952514,0.0,0.0,0.0,0.0,0.0,0.8886845809420731,1.8470699133306332,0.0
650.0,0.0,0.0,0.0,7.579089001053763,0.0,0.0,0.0,0.0,13.110102138132046,0.0,0.0,0.0,0.0,0.0,0.0,1.0258000424901625,3.9924389383789336,0.0
651.0,0.0,0.0,11.64267866998358,0.0,0.0,0.0,12.419921508608686,0.0,0.0,0.0,0.0,0.0,0.0,0.0,0.0,2.621573245812113,4.958789355541903,0.0
652.0,0.0,0.0,0.0,0.0,11.524866229748694,0.0,0.0,10.15864499657699,0.0,0.0,0.0,0.0,0.0,0.0,0.0,2.705438093506151,2.540411370611919,0.0
653.0,0.0,13.678781882495839,8.789178765612343,0.0,0.0,0.0,0.0,0.0,0.0,0.0,0.0,0.0,0.0,0.0,0.0,1.3473746608026358,4.950137340774693,0.0
654.0,0.0,0.0,9.362747629945707,0.0,10.084937588722239,0.0,0.0,0.0,0.0,0.0,0.0,0.0,0.0,0.0,0.0,1.9377939476073853,2.765097170931835,0.0
