ID,Texapon SB 3 KC,Plantapon ACG 50,Plantapon LC 7,Plantacare 818,Plantacare 2000,Dehyton MC,Dehyton PK 45,Dehyton ML,Dehyton AB 30,Plantapon Amino SCG-L,Plantapon Amino KG-L,Dehyquart A-CA,Luviquat Excellence,Dehyquart CC6,Dehyquart CC7 Benz,Salcare Super 7,Arlypon F,Arlypon TT
109.0,0.0,11.90845891896256,0.0,0.0,0.0,0.0,0.0,9.939564349440987,0.0,0.0,0.0,0.0,1.0985570869597208,0.0,0.0,0.0,0.0,0.9359005706674035
110.0,0.0,0.0,7.661602983918652,0.0,0.0,0.0,0.0,0.0,0.0,0.0,0.0,13.121631126663827,0.9943337205902837,0.0,0.0,0.0,0.0,1.4295940527103927
111.0,0.0,0.0,0.0,8.589475230159819,7.614790243847561,0.0,0.0,0.0,0.0,0.0,0.0,0.0,0.9810638147562672,0.0,0.0,0.0,0.0,1.3267963164458159
112.0,0.0,0.0,0.0,0.0,0.0,0.0,0.0,0.0,0.0,7.802259357099943,0.0,11.840534215522563,1.967082324441947,0.0,0.0,0.0,0.0,1.226298141191654
113.0,0.0,0.0,0.0,0.0,0.0,12.38816880199328,8.038026705322766,0.0,0.0,0.0,0.0,0.0,3.0209320115770595,0.0,0.0,0.0,0.0,1.3146305359172166
114.0,0.0,0.0,0.0,0.0,0.0,12.165849944165167,0.0,0.0,11.057888609964516,0.0,0.0,0.0,2.864949038190695,0.0,0.0,0.0,0.0,4.621442998270651
