ID,Texapon SB 3 KC,Plantapon ACG 50,Plantapon LC 7,Plantacare 818,Plantacare 2000,Dehyton MC,Dehyton PK 45,Dehyton ML,Dehyton AB 30,Plantapon Amino SCG-L,Plantapon Amino KG-L,Dehyquart A-CA,Luviquat Excellence,Dehyquart CC6,Dehyquart CC7 Benz,Salcare Super 7,Arlypon F,Arlypon TT
469.0,0.0,0.0,11.730378833262872,0.0,0.0,0.0,0.0,0.0,0.0,12.804104551034328,0.0,0.0,0.0,2.6532170482004567,0.0,0.0,2.0350037931814575,0.0
470.0,0.0,0.0,0.0,0.0,0.0,0.0,0.0,10.02900347920974,8.081139257650186,0.0,0.0,0.0,0.0,2.118926656401797,0.0,0.0,5.084425070635232,0.0
471.0,0.0,7.571328639908782,0.0,0.0,0.0,0.0,0.0,0.0,0.0,0.0,9.703216192680562,0.0,0.0,2.0157111001987067,0.0,0.0,3.306560573232297,0.0
472.0,0.0,0.0,9.462702438868256,0.0,0.0,0.0,7.985558718846665,0.0,0.0,0.0,0.0,0.0,0.0,2.422815121859739,0.0,0.0,3.637965445593806,0.0
473.0,0.0,9.054487498358599,0.0,0.0,0.0,0.0,11.559125330634526,0.0,0.0,0.0,0.0,0.0,0.0,2.142631863831088,0.0,0.0,3.79841149313594,0.0
474.0,0.0,0.0,0.0,0.0,0.0,0.0,11.407197657119092,0.0,0.0,9.016725945922722,0.0,0.0,0.0,1.8053552248728326,0.0,0.0,3.6965046559514256,0.0
