ID,Texapon SB 3 KC,Plantapon ACG 50,Plantapon LC 7,Plantacare 818,Plantacare 2000,Dehyton MC,Dehyton PK 45,Dehyton ML,Dehyton AB 30,Plantapon Amino SCG-L,Plantapon Amino KG-L,Dehyquart A-CA,Luviquat Excellence,Dehyquart CC6,Dehyquart CC7 Benz,Salcare Super 7,Arlypon F,Arlypon TT
733.0,0.0,11.780873880053587,0.0,0.0,0.0,0.0,0.0,0.0,0.0,11.827309729798777,0.0,0.0,0.0,0.0,0.0,0.7409976023180541,0.0,2.6181915281903643
734.0,0.0,0.0,11.181822128585297,0.0,7.376649582328793,0.0,0.0,0.0,0.0,0.0,0.0,0.0,0.0,0.0,0.0,1.0363887842940962,0.0,3.327620851532626
735.0,5.919877069809735,0.0,0.0,0.0,0.0,0.0,13.08202375902279,0.0,0.0,0.0,0.0,0.0,0.0,0.0,0.0,2.5026305439433942,0.0,3.3870943506381783
736.0,0.0,0.0,0.0,0.0,0.0,9.280146233419927,0.0,0.0,0.0,11.709720885342524,0.0,0.0,0.0,0.0,0.0,2.8420694547266243,0.0,3.4440355545125487
737.0,0.0,9.974670207111576,0.0,0.0,0.0,0.0,0.0,0.0,0.0,9.024655121802265,0.0,0.0,0.0,0.0,0.0,2.4214156336762938,0.0,2.9877144512295386
738.0,0.0,0.0,0.0,0.0,0.0,0.0,12.827660188474693,9.042546244014593,0.0,0.0,0.0,0.0,0.0,0.0,0.0,1.9281536550933347,0.0,1.888601785245288
