ID,Texapon SB 3 KC,Plantapon ACG 50,Plantapon LC 7,Plantacare 818,Plantacare 2000,Dehyton MC,Dehyton PK 45,Dehyton ML,Dehyton AB 30,Plantapon Amino SCG-L,Plantapon Amino KG-L,Dehyquart A-CA,Luviquat Excellence,Dehyquart CC6,Dehyquart CC7 Benz,Salcare Super 7,Arlypon F,Arlypon TT
163.0,0.0,0.0,0.0,0.0,0.0,9.998922318897582,0.0,0.0,0.0,12.129140456131324,0.0,0.0,2.5808793834144423,0.0,0.0,0.0,0.0,1.4343733496284297
164.0,0.0,0.0,0.0,0.0,0.0,0.0,0.0,0.0,12.332644520706253,0.0,0.0,12.733236238330992,1.397586776041591,0.0,0.0,0.0,0.0,1.6492022205695727
165.0,0.0,12.421293455862207,0.0,0.0,0.0,0.0,0.0,0.0,0.0,9.045719475037373,0.0,0.0,1.1563022335412299,0.0,0.0,0.0,0.0,2.1103429594241687
166.0,0.0,0.0,0.0,10.825763316171841,7.2018340434200825,0.0,0.0,0.0,0.0,0.0,0.0,0.0,2.781480778092285,0.0,0.0,0.0,0.0,3.2817471050871907
167.0,0.0,0.0,0.0,0.0,0.0,0.0,8.249610557707774,0.0,0.0,0.0,0.0,11.684961389662485,1.0319464073721696,0.0,0.0,0.0,0.0,2.0365729339234955
168.0,0.0,0.0,0.0,0.0,0.0,0.0,13.094602682864412,0.0,0.0,9.876214799554543,0.0,0.0,2.2263356424256626,0.0,0.0,0.0,0.0,1.5872835854145493
