ID,Texapon SB 3 KC,Plantapon ACG 50,Plantapon LC 7,Plantacare 818,Plantacare 2000,Dehyton MC,Dehyton PK 45,Dehyton ML,Dehyton AB 30,Plantapon Amino SCG-L,Plantapon Amino KG-L,Dehyquart A-CA,Luviquat Excellence,Dehyquart CC6,Dehyquart CC7 Benz,Salcare Super 7,Arlypon F,Arlypon TT
7.0,0.0,0.0,5.687713727958518,0.0,0.0,0.0,6.809889738984795,0.0,0.0,0.0,0.0,0.0,3.898550668937084,0.0,0.0,0.0,0.0,2.891372424806532
8.0,0.0,0.0,7.199134227982144,0.0,0.0,0.0,4.362870397494406,0.0,0.0,0.0,0.0,0.0,4.28176320374529,0.0,0.0,0.0,0.0,5.1152266977922665
9.0,0.0,0.0,3.9464356754051093,0.0,0.0,0.0,7.44876371632098,0.0,0.0,0.0,0.0,0.0,2.9524168644027506,0.0,0.0,0.0,0.0,2.832765327211426
10.0,0.0,0.0,6.007377335891318,0.0,0.0,0.0,4.429960766132654,0.0,0.0,0.0,0.0,0.0,3.011196658797285,0.0,0.0,0.0,0.0,2.304091618748755
11.0,0.0,0.0,5.266456142051695,0.0,0.0,0.0,7.991727879699353,0.0,0.0,0.0,0.0,0.0,5.028311417300263,0.0,0.0,0.0,0.0,4.071349486550082
12.0,0.0,0.0,3.4728218956336363,0.0,0.0,0.0,7.3743509009825114,0.0,0.0,0.0,0.0,0.0,5.5207076886097095,0.0,0.0,0.0,0.0,5.017933332250359
