ID,Texapon SB 3 KC,Plantapon ACG 50,Plantapon LC 7,Plantacare 818,Plantacare 2000,Dehyton MC,Dehyton PK 45,Dehyton ML,Dehyton AB 30,Plantapon Amino SCG-L,Plantapon Amino KG-L,Dehyquart A-CA,Luviquat Excellence,Dehyquart CC6,Dehyquart CC7 Benz,Salcare Super 7,Arlypon F,Arlypon TT
655.0,0.0,0.0,0.0,0.0,0.0,0.0,0.0,7.510554270372801,0.0,0.0,0.0,8.245148208598199,0.0,0.0,0.0,2.083407177740395,5.103061531650483,0.0
656.0,0.0,0.0,11.166648890623284,0.0,0.0,13.180829448771448,0.0,0.0,0.0,0.0,0.0,0.0,0.0,0.0,0.0,2.0582594353478987,3.3569675969134884,0.0
657.0,0.0,0.0,0.0,0.0,9.039355592490194,11.779302263070175,0.0,0.0,0.0,0.0,0.0,0.0,0.0,0.0,0.0,2.0142310659399105,2.073473156114616,0.0
658.0,0.0,0.0,0.0,0.0,0.0,0.0,0.0,0.0,0.0,0.0,8.456307179216155,8.103502967626124,0.0,0.0,0.0,1.5966139603826996,4.372573443927513,0.0
659.0,7.266867111928768,0.0,0.0,0.0,9.636668846154803,0.0,0.0,0.0,0.0,0.0,0.0,0.0,0.0,0.0,0.0,1.8956937668408433,1.2400125353507714,0.0
660.0,0.0,0.0,0.0,0.0,0.0,0.0,0.0,0.0,0.0,10.123668314403924,0.0,8.325319688697412,0.0,0.0,0.0,2.148469597083205,1.705845073610054,0.0
