ID,Texapon SB 3 KC,Plantapon ACG 50,Plantapon LC 7,Plantacare 818,Plantacare 2000,Dehyton MC,Dehyton PK 45,Dehyton ML,Dehyton AB 30,Plantapon Amino SCG-L,Plantapon Amino KG-L,Dehyquart A-CA,Luviquat Excellence,Dehyquart CC6,Dehyquart CC7 Benz,Salcare Super 7,Arlypon F,Arlypon TT
511.0,5.0613126179396835,0.0,0.0,0.0,0.0,0.0,0.0,0.0,0.0,0.0,8.776420436468626,0.0,0.0,2.4158636516558647,0.0,0.0,2.8124201041953607,0.0
512.0,0.0,0.0,0.0,0.0,8.01377900701548,12.84099623090523,0.0,0.0,0.0,0.0,0.0,0.0,0.0,2.1754891672747245,0.0,0.0,1.5209723690974741,0.0
513.0,0.0,9.86899749002527,0.0,0.0,0.0,0.0,0.0,0.0,0.0,12.318518124525474,0.0,0.0,0.0,2.1225239112779417,0.0,0.0,1.566038523866271,0.0
514.0,0.0,0.0,7.109062204998325,0.0,8.835963964368426,0.0,0.0,0.0,0.0,0.0,0.0,0.0,0.0,1.780272344794618,0.0,0.0,1.8391553850517557,0.0
515.0,0.0,0.0,0.0,0.0,0.0,0.0,11.868717698930958,0.0,0.0,0.0,0.0,9.654596826679217,0.0,2.0472696347856303,0.0,0.0,3.9806645377692824,0.0
516.0,0.0,0.0,0.0,10.948423553330402,13.652915873368634,0.0,0.0,0.0,0.0,0.0,0.0,0.0,0.0,2.060252653808916,0.0,0.0,4.648650406113481,0.0
