ID,Texapon SB 3 KC,Plantapon ACG 50,Plantapon LC 7,Plantacare 818,Plantacare 2000,Dehyton MC,Dehyton PK 45,Dehyton ML,Dehyton AB 30,Plantapon Amino SCG-L,Plantapon Amino KG-L,Dehyquart A-CA,Luviquat Excellence,Dehyquart CC6,Dehyquart CC7 Benz,Salcare Super 7,Arlypon F,Arlypon TT
433.0,0.0,0.0,0.0,0.0,0.0,9.959482911000391,0.0,11.395120078255697,0.0,0.0,0.0,0.0,0.0,1.9994946619153389,0.0,0.0,0.0,3.904013327389741
434.0,0.0,0.0,0.0,6.64340027568975,0.0,0.0,0.0,0.0,0.0,0.0,10.150469818166822,0.0,0.0,1.4974060777413434,0.0,0.0,0.0,3.6824728500860595
435.0,5.153531380228375,0.0,0.0,0.0,0.0,0.0,0.0,0.0,0.0,0.0,0.0,8.861213821910777,0.0,2.3790787079712556,0.0,0.0,0.0,5.5152564964901245
436.0,0.0,0.0,0.0,0.0,0.0,0.0,0.0,0.0,8.33177337713234,0.0,8.825076509484722,0.0,0.0,2.5648364140269075,0.0,0.0,0.0,2.0441005779560975
437.0,10.56540248261969,0.0,0.0,0.0,0.0,0.0,0.0,0.0,0.0,0.0,0.0,13.06515951120469,0.0,1.9941715322935556,0.0,0.0,0.0,2.4612079878120934
438.0,7.968751496735335,0.0,0.0,0.0,0.0,0.0,0.0,0.0,11.272357074052445,0.0,0.0,0.0,0.0,2.3328223260721073,0.0,0.0,0.0,4.433733934533516
