ID,Texapon SB 3 KC,Plantapon ACG 50,Plantapon LC 7,Plantacare 818,Plantacare 2000,Dehyton MC,Dehyton PK 45,Dehyton ML,Dehyton AB 30,Plantapon Amino SCG-L,Plantapon Amino KG-L,Dehyquart A-CA,Luviquat Excellence,Dehyquart CC6,Dehyquart CC7 Benz,Salcare Super 7,Arlypon F,Arlypon TT
1.0,0.0,0.0,0.0,0.0,0.0,0.0,0.0,2.9909667685443955,0.0,0.0,4.861076293523296,0.0,2.61080180048871,0.0,0.0,0.0,0.0,3.6606613480333476
2.0,0.0,0.0,0.0,0.0,0.0,0.0,0.0,3.177145479007725,0.0,0.0,2.3263534930168066,0.0,3.894322656293819,0.0,0.0,0.0,0.0,4.6536939836971385
3.0,0.0,0.0,0.0,0.0,0.0,0.0,0.0,6.304687330502244,0.0,0.0,4.741410547482707,0.0,2.2101371079728764,0.0,0.0,0.0,0.0,3.3477532631285554
4.0,0.0,0.0,0.0,0.0,0.0,0.0,0.0,7.279172609731345,0.0,0.0,7.91970816800209,0.0,3.1810547738582433,0.0,0.0,0.0,0.0,5.387220358913061
5.0,0.0,0.0,0.0,0.0,0.0,0.0,0.0,5.290400577984114,0.0,0.0,3.6845602256176795,0.0,2.7275885766513053,0.0,0.0,0.0,0.0,5.060298378130754
6.0,0.0,0.0,0.0,0.0,0.0,0.0,0.0,5.623109190554041,0.0,0.0,2.3585873930193433,0.0,3.43302757048784,0.0,0.0,0.0,0.0,6.034628413520089
