ID,Texapon SB 3 KC,Plantapon ACG 50,Plantapon LC 7,Plantacare 818,Plantacare 2000,Dehyton MC,Dehyton PK 45,Dehyton ML,Dehyton AB 30,Plantapon Amino SCG-L,Plantapon Amino KG-L,Dehyquart A-CA,Luviquat Excellence,Dehyquart CC6,Dehyquart CC7 Benz,Salcare Super 7,Arlypon F,Arlypon TT
145.0,0.0,0.0,0.0,0.0,11.253214677730906,0.0,0.0,0.0,12.956900417513598,0.0,0.0,0.0,2.720958964116878,0.0,0.0,0.0,0.0,0.9975203461916817
146.0,0.0,0.0,0.0,0.0,13.802512641378465,0.0,0.0,0.0,0.0,0.0,10.947021731083552,0.0,1.0571837086939735,0.0,0.0,0.0,0.0,1.4987920933382766
147.0,0.0,0.0,0.0,6.584025542161511,12.268475070821655,0.0,0.0,0.0,0.0,0.0,0.0,0.0,2.8823048837434246,0.0,0.0,0.0,0.0,3.676485027676233
148.0,0.0,0.0,0.0,0.0,0.0,0.0,0.0,11.52366887411217,0.0,10.975956599972125,0.0,0.0,2.2648642687409035,0.0,0.0,0.0,0.0,1.6678085464802581
149.0,0.0,0.0,0.0,0.0,0.0,0.0,10.097235752619994,0.0,0.0,12.927260255549971,0.0,0.0,1.0211047671173756,0.0,0.0,0.0,0.0,2.2171152965155567
150.0,0.0,0.0,0.0,12.492838143649102,0.0,0.0,0.0,0.0,9.581519217515336,0.0,0.0,0.0,2.5168057017632894,0.0,0.0,0.0,0.0,1.664163693237069
