ID,Texapon SB 3 KC,Plantapon ACG 50,Plantapon LC 7,Plantacare 818,Plantacare 2000,Dehyton MC,Dehyton PK 45,Dehyton ML,Dehyton AB 30,Plantapon Amino SCG-L,Plantapon Amino KG-L,Dehyquart A-CA,Luviquat Excellence,Dehyquart CC6,Dehyquart CC7 Benz,Salcare Super 7,Arlypon F,Arlypon TT
349.0,0.0,0.0,0.0,0.0,0.0,0.0,0.0,10.424285329016405,8.882432842581409,0.0,0.0,0.0,0.0,0.0,0.9893302991257222,0.0,1.963632796239478,0.0
350.0,0.0,0.0,0.0,0.0,0.0,11.749607152761884,0.0,0.0,0.0,0.0,11.228736301724721,0.0,0.0,0.0,2.4784932688752854,0.0,5.47979371165397,0.0
351.0,0.0,0.0,0.0,0.0,0.0,0.0,0.0,0.0,10.190811752137451,0.0,9.633561371683633,0.0,0.0,0.0,1.7068178391044766,0.0,4.785292222562645,0.0
352.0,0.0,0.0,9.546396054526186,0.0,0.0,10.185694241748513,0.0,0.0,0.0,0.0,0.0,0.0,0.0,0.0,1.6386299247527096,0.0,4.390891837201281,0.0
353.0,0.0,0.0,0.0,0.0,0.0,8.898618519502174,8.798900809305042,0.0,0.0,0.0,0.0,0.0,0.0,0.0,3.617141225843505,0.0,5.147333231131489,0.0
354.0,4.532335579413795,0.0,0.0,8.20601992896794,0.0,0.0,0.0,0.0,0.0,0.0,0.0,0.0,0.0,0.0,2.7735757291530607,0.0,5.722645933603261,0.0
