ID,Texapon SB 3 KC,Plantapon ACG 50,Plantapon LC 7,Plantacare 818,Plantacare 2000,Dehyton MC,Dehyton PK 45,Dehyton ML,Dehyton AB 30,Plantapon Amino SCG-L,Plantapon Amino KG-L,Dehyquart A-CA,Luviquat Excellence,Dehyquart CC6,Dehyquart CC7 Benz,Salcare Super 7,Arlypon F,Arlypon TT
763.0,0.0,0.0,0.0,0.0,11.740008669063517,0.0,0.0,0.0,0.0,8.613609633844515,0.0,0.0,0.0,0.0,2.2242067400046035,0.0,0.0,2.8021502236278266
764.0,0.0,0.0,0.0,0.0,0.0,10.006860921742382,0.0,0.0,10.36191109121552,0.0,0.0,0.0,0.0,0.0,1.8099624561129422,0.0,0.0,2.56865904730553
765.0,9.71169072675735,0.0,0.0,0.0,0.0,0.0,0.0,0.0,11.724772306416371,0.0,0.0,0.0,0.0,0.0,1.9176380652426679,0.0,0.0,1.4629662052275898
766.0,0.0,0.0,0.0,0.0,0.0,0.0,0.0,5.9654453048295775,0.0,0.0,12.763774977994371,0.0,0.0,0.0,1.502547807344998,0.0,0.0,3.452554860193714
767.0,0.0,0.0,0.0,10.39046209617962,0.0,0.0,0.0,0.0,0.0,0.0,0.0,13.081408144976736,0.0,0.0,2.310561099266981,0.0,0.0,4.1519471281588425
768.0,7.638141123551543,11.261072007872148,0.0,0.0,0.0,0.0,0.0,0.0,0.0,0.0,0.0,0.0,0.0,0.0,1.1515217905727744,0.0,0.0,4.006361832729121
