ID,Texapon SB 3 KC,Plantapon ACG 50,Plantapon LC 7,Plantacare 818,Plantacare 2000,Dehyton MC,Dehyton PK 45,Dehyton ML,Dehyton AB 30,Plantapon Amino SCG-L,Plantapon Amino KG-L,Dehyquart A-CA,Luviquat Excellence,Dehyquart CC6,Dehyquart CC7 Benz,Salcare Super 7,Arlypon F,Arlypon TT
385.0,0.0,11.623131470932076,0.0,7.349323770526232,0.0,0.0,0.0,0.0,0.0,0.0,0.0,0.0,0.0,2.9028094393700345,0.0,0.0,0.0,2.9734283629910925
386.0,0.0,0.0,0.0,0.0,0.0,0.0,8.56807325450961,0.0,11.87496279448473,0.0,0.0,0.0,0.0,3.1324165166059244,0.0,0.0,0.0,4.559365364554607
387.0,0.0,0.0,0.0,0.0,0.0,0.0,8.393298640602527,0.0,0.0,8.007792482109632,0.0,0.0,0.0,3.080389399349056,0.0,0.0,0.0,3.0059720712855316
388.0,0.0,9.45918880655523,0.0,0.0,0.0,0.0,0.0,0.0,0.0,9.74668154862919,0.0,0.0,0.0,3.0467454736627952,0.0,0.0,0.0,3.378281716626893
389.0,0.0,0.0,0.0,8.694526453611315,0.0,7.840892560617428,0.0,0.0,0.0,0.0,0.0,0.0,0.0,2.9611932785208404,0.0,0.0,0.0,2.0062807880531786
390.0,0.0,12.332220096913089,0.0,0.0,0.0,0.0,8.176498552349505,0.0,0.0,0.0,0.0,0.0,0.0,3.7228536818722464,0.0,0.0,0.0,3.767993579738041
